theta1,theta2,theta3,theta4,d_min
-2.0577550974789944,-0.620875209818468,4.503989874086964,2.47894244498561,0
-2.8116197327133006,-1.3854204317336811,3.279914656998833,3.5929676742785395,1
-4.410139946374788,0.5066858858666632,-1.6227768156387796,5.3601682599384395,0
-1.1513336825143945,-2.009232940353947,-0.7107176627287206,-3.4258816543832022,1
-4.032456719804978,-0.198080766093661,4.11504752022683,1.6537048529731342,0
-4.1551057516500345,-1.3445530355243185,5.911967186399985,4.937601283806804,0
-1.7168243901825835,1.9859024184661282,-0.4179841931884507,-5.729824701712407,0
-3.059204500536202,1.8015645417436636,3.0742126782021826,5.871922239373679,0
-2.3789947603400194,0.21459908274808237,-0.3823790103758524,-3.900239729901372,0
-3.7664012619296092,1.5436497769931732,-3.430018575920896,2.1328637732123292,0
-3.218886490493224,1.1311225783945087,2.5153296811482493,-2.356674984241564,0
-3.0569608429021287,-1.0510120625921833,-1.413271559381009,-2.6585990146361342,1
-3.539873574394379,0.9720885799145842,-3.7691529769126397,-6.187529891927371,0
-2.774403930454319,-0.21652931777561424,2.576877155546769,3.5259566296359166,1
-3.852465693282555,2.0147555992684523,-4.524149703516622,-4.841502276388174,0
-0.9941536410364646,0.9108218824404597,0.8193654974037319,3.3283856491452815,1
-4.591712042355692,1.2886557670227514,0.7436419389623943,-2.462386768333591,0
-1.2348139386878563,-1.399252043925321,-3.5848165093867133,-1.14888023481857,0
-3.3153157135082942,-1.4266154906819848,-5.547717564385331,-2.7458183162037235,1
-2.3415191841606258,0.33767105230268957,0.7163238334064559,3.565761506376554,0
-3.5282208164083197,-0.987346553837233,3.9440960314053948,-4.182820125959239,0
-2.8042024238489134,1.8812879367915607,2.792833443491415,-0.4788219880425748,0
-4.78486377110269,-1.4119624961135617,-4.366959989922605,2.4657839109763655,1
-1.5494511949579577,-1.375183514491445,-2.493008160302671,1.6363493695732387,0
-2.5881236623644837,0.5489971619241181,-4.797845869366328,5.801434666741902,0
-3.843970851992384,0.7123705012291759,-2.9406732840684344,5.892855299487413,0
-1.2461596226756906,-1.7772737746227796,-0.6360195330740144,-2.860645983224803,1
-1.2125982114622884,0.09279039261775024,-0.5554497996898453,-3.7383161381719074,0
-1.825663568550556,0.012060285378093116,-4.059733846283249,4.479075408200237,0
-2.5947893582824255,1.624754261308154,-0.8529114204246975,1.5989990392226865,0
-1.0610742879759751,1.3287437484664202,-5.2193793264829935,-1.057459028737143,0
-0.8682226155404491,-1.5249739055883222,-2.1369431731002164,-4.4647761878424514,0
-1.7084861855907332,1.8167313412186767,-4.137352315176711,5.3395086868125725,0
-3.2823513610695674,0.05630522287297701,1.1418985730065945,-5.993583379866999,0
-2.9615713257465006,1.5840348803319664,3.551154454263595,-5.240911200974172,0
-3.439075677377665,0.13872525840794792,5.499100274485785,0.9009043378435067,0
-3.0830242038901905,-1.0712966968424666,-2.1154933933775446,0.2596453750425143,0
-3.2498622952657303,-0.36203204170290393,4.098226567881134,4.975779294307471,0
-3.2373943701241927,-0.10432178067835007,-4.9162886913388295,2.1633355685800355,0
-1.2449687680907813,-1.885102698131829,2.8510523554432465,3.3742124984857726,1
-2.8736028812964856,-0.9607044525288866,-3.388512274360297,-5.810098294427182,0
-2.385864792358862,-1.0992712551419241,4.142159173743109,3.8716384891276308,1
-2.8197095910744374,-0.16813387718772077,-2.62607195296011,0.1891175431503349,0
-0.8717667913024618,-0.895156823471734,-4.2125258111698525,-5.715922620432348,0
-2.5003835624713133,2.158107301404694,4.91946646416172,3.122516724379282,1
-2.016816844847679,-1.636265710435014,0.23686100645380037,-2.31193110900524,0
-1.1978715964961721,1.3668551464975813,-1.5868589253462018,-5.093498649147368,0
-4.800284065042199,-0.019191960003389408,5.486373170704268,-3.2534095779285996,1
-2.7523771633196756,1.4952569255470425,-4.354748983196355,-4.028390049538798,1
-4.597216017264688,1.7106184379897291,-3.8127805986249603,-2.38233466837481,0
-4.225723577139132,1.364190106226427,0.009309298701419166,-4.472647367956291,0
-1.9301443836664243,1.120428962373385,-4.6243129446012965,2.23139294057749,0
-3.191665249376368,-1.3043316456374314,2.4399361916746534,1.0188246118145337,0
-3.189342407500032,-1.6977081305946138,2.7055135479744683,3.0016390891792044,1
-2.2152010470409467,-1.8847428018499055,5.370185640641735,-1.2864178855587456,0
-4.324655817842052,-2.1370072422425785,2.045574512310595,5.722628108509942,0
-4.169044803914193,1.6581990797144623,-5.967764788188621,0.6932874116249179,0
-2.7341322714345653,-1.0687695792158993,-4.517334660877258,-1.0159241493872235,0
-1.9889533464590778,1.2172957746684738,5.438771663298653,3.822773100098913,0
-3.465285329258693,1.637887546232447,-6.055969993249034,-4.9091514006223695,0
-1.7738980189352196,1.4609483378590093,-3.358032280901593,0.38646605792411215,0
-2.0496699653386536,-1.0353472951639437,1.2950258961743941,-1.098101089922575,0
-4.265086841487542,1.3375310359605765,1.9082536812844753,4.615682334809201,0
-4.303338016540565,0.14660674088652836,-3.307520720750381,3.089939359857687,1
-4.9662813485704405,-0.14328946241579876,-5.444020756642963,1.1860868167810343,0
-1.0266035896703052,1.7241928426470987,-2.3821964955136252,-4.472968521882448,0
-2.18600781639165,0.06291953862461375,-2.7039157658355295,-4.350615756387744,0
-1.7311936019067686,1.146308486812476,-5.584233660896893,-4.08650312504569,0
-1.6724666547390048,1.6127979354173654,2.2697744566018008,-1.3360014621897252,0
-3.3785675734152996,1.5874200428483176,4.710062074466683,4.410213232886908,0
-5.064414951843591,-0.6286152478213953,-3.306484418928786,-3.1476920475474195,1
-1.2920103752576693,-1.5085831217976895,-5.66136825370942,-1.5874064209477812,0
-0.8776682149651593,0.4736483203092523,4.18823943558431,-5.6273589571982905,0
-4.777755090692528,0.40798584137410465,4.3153013920677745,5.05732348773087,0
-3.208509392445532,0.4053115848258648,3.5102379120878906,1.789589946504079,0
-3.094182540865054,0.9559166928662939,0.4530145315023244,0.1786392495916056,0
-5.043766839812141,-1.6440495615210322,-1.4432759289795607,1.7529146867381025,0
-1.1080024974911789,0.5739693648190478,-0.2778614382617528,-1.0438695304482444,0
-3.998599816522671,1.4238904641982124,-1.6781108301823329,-2.1666557109784295,0
-1.1301698175098038,1.2829890156693824,-2.551231479384657,5.637655559544675,0
-1.5990090291686658,0.2353381999938411,-2.1557832651411086,0.4450609602648399,0
-4.240566581066369,0.23592494916987405,3.823161359015292,0.4109917873856963,0
-1.531905804686847,1.8686417193869027,2.950258118617252,-3.7377983103409775,1
-4.808730240377891,-0.10400468136789387,-4.620788363492609,1.4366095412065123,0
-5.018247479576821,-2.0890373092812737,-5.218765171576586,5.4754041731198635,0
-4.5550190173762655,-1.6485348789780359,3.779105251628814,1.176645976097408,0
-1.997881828468984,1.998026742912367,5.602099908985669,-3.097505075779809,1
-2.891404432781263,1.4794966864138153,1.4590411923029638,-4.128581220594572,0
-2.3129095011395653,-1.969677778636658,-0.42722647855578444,0.28425510044482216,0
-1.0561708627046142,-0.8119445306486492,-0.09855561237261057,1.2508936255240108,0
-4.0656725955139725,0.1956345640901871,-4.809179212294612,-5.178374810400749,0
-1.9364143673579197,-1.6771734552528874,3.445476986741551,2.150666551155923,0
-4.473583938821534,-0.29004066006857854,3.297403767207393,-2.882081142168193,1
-2.923408039800503,-1.4672164437787125,-4.300397693270004,-4.423840840870073,0
-2.025960083875146,-1.3363484634732967,-1.4655030259157327,2.8848525009878676,1
-2.8811751152654144,-0.7844608591898905,3.5205867635019663,-0.25911827459577363,0
-1.523580389085235,1.8461656358118446,2.735068564205762,5.667004929648244,0
-2.040614627191788,0.37309473821123884,1.721647982929567,-4.7486637201109865,0
-2.8941857071991164,0.6886628723858315,-6.125478265239148,-0.5737663992676634,0
-4.330541726660027,1.1444500421512291,-0.5206360926101983,-0.7245345640272616,0
-1.7102862991215502,1.1006267628078668,3.53305308501984,-4.891009557888852,0
-3.108809515609459,0.4329657133886755,-2.714110020427671,4.231421040541384,0
-1.3835720768521154,-1.4769570761428645,2.081000285498104,1.8855701954184907,0
-1.9458065892927805,-1.5334285757376183,-5.915766239751864,-3.2551995910031932,1
-2.8272173005352386,-2.137546148043349,-3.790554906206003,5.157616132763919,0
-3.801907955826409,-1.4023389507104986,-6.211801283343522,-5.631176562299149,0
-2.5833319700323645,-0.5229719702875417,-3.283776572920001,4.388575067113796,0
-4.090779497213232,-2.0674486014289473,5.373110602963842,3.4176814927510195,1
-1.568791147910439,-0.5550704317164783,-5.775699677688846,-3.7456166893686644,0
-1.5799251430287486,-1.1549166499412646,3.079562891810288,1.6329487678795678,0
-4.922208895685355,-0.8084032438575373,2.9468409147056294,-3.8553988746865646,1
-4.630493197707176,-0.1747134425499839,6.031372098327444,1.400987691071994,0
-2.742361596456592,-2.1097622255231276,-5.748077072153102,4.824870134767225,0
-2.323719865664843,0.7198545615439462,-5.127984166848073,-3.9748226452631936,0
-4.463594933552635,0.38222022261207833,3.568056711168084,1.7132887768736778,0
-3.3099997970996786,-0.36611592905928236,5.602067136689674,-2.495136535615143,0
-4.353556224492935,-1.5305332319501361,1.8743684298810797,5.5338657857757125,0
-0.8877788602400303,-1.1585185966049432,-1.2053280522959797,-0.3244407576983166,0
-2.3470726623355667,-2.0203017909147127,-2.7873711449874077,-2.4529101767639587,1
-2.8204168164592853,-1.1480865901282573,1.6909417147733832,-1.1076551388852378,0
-3.1475901185120954,0.6114202906055914,1.1091264800171432,-2.297966153855492,0
-1.4284244826421428,-0.9608335301909237,-0.324893600867461,-3.44655357535511,1
-3.872195995515602,0.159263380637912,2.537147394746264,1.858232936447199,0
-0.8698261717859976,-1.7254392199905035,3.610148708143581,0.617253458011974,0
-3.063924325441968,-0.016253281499527983,-1.7501438793048063,0.16000491226088354,0
-5.015615175089324,-0.1881358326318585,5.288478398027608,0.04562954029972577,0
-4.541365168828763,-0.44249311377689415,-2.330499311692832,4.237522471054061,0
-1.8871887585012743,-0.7787329958853311,-5.374937112763828,4.295434730655656,0
-1.3733748686057274,-1.660006047553067,-2.0833266913005843,-4.107189768393582,0
-3.266291374978653,-0.8797658919750124,-6.095583484885512,4.109298211979822,0
-4.73595659639234,-0.370334382937924,-4.350621987798427,1.266555523790216,0
-1.984599051629754,0.2665209364905512,5.757870512116214,6.2230337756504825,0
-4.101359394214715,0.2350165484618416,2.3570730175261216,2.5799039504792,1
-2.3213088818901078,-0.07119011131228259,-6.145260779105507,-3.6542358079558475,0
-2.2693674300237165,1.6269800572166209,-4.196209739470738,4.223981889310989,0
-4.889130568202923,-2.0683335708248185,4.258715819874321,6.158440103937983,0
-3.587407966606145,-0.9843645337468405,-1.3492866890254867,-5.274580997403916,0
-2.0169943337520135,-0.9451109614979969,-0.38525370656855973,-4.387547448905703,0
-5.088668787763611,0.7874631712935689,-5.719207442483057,-3.3553753011070495,1
-1.830160775487034,1.0012058460445528,1.085751373065837,-0.08427790331562779,0
-0.8952014397175025,-1.1269151496433645,4.3154701126175175,1.7281140780094466,0
-4.415153448326319,0.7204355052520408,3.3020619191364853,-5.550157469578622,0
-2.7464231954465594,0.34603822148468577,-2.0289865697855856,4.326654648487064,0
-4.405171939309817,-0.5895859521491105,4.421314892027483,0.06018102526793534,0
-1.6111620962215478,-1.849823707272648,4.3994451933515455,-2.002179607370455,0
-2.219791418286329,1.2951064449151866,-4.961454768345353,-1.2741805158286494,0
-2.2447688501674845,1.1999028140356205,-4.050517324591688,-2.0239732167433617,0
-2.364641852652762,1.7059395053828346,5.368903358810576,-0.6505159570936945,0
-1.999556704772048,-1.3032867306270304,-6.188130428959724,-2.7880423410937785,1
-3.2518874747708066,-1.3956913302705813,6.051482701134245,1.511692833305033,0
-2.452341173369644,1.8803647164157247,5.065798071868506,2.7719410907824953,1
-2.1263835904724893,-0.7768390977495896,4.607026064569797,-4.846852865933517,0
-4.64430023811389,2.102428387045259,0.6669837582856166,1.9355262630984003,0
-2.2313847661727384,-0.13511159399277473,-2.65985323667191,2.935943927820227,1
-4.518532900239898,0.22864825497793628,-4.7241956277053845,-5.76570617881136,0
-4.182001154514564,1.9492981530618407,6.098384528856273,-0.4399333902077176,0
-4.632038117300435,0.5536591911652362,3.6886478110332552,-5.2146699397633896,0
-4.267752773919368,-1.027926449788945,5.334252940281801,4.051643618154942,0
-3.7127876529388266,-1.00028959501389,-5.6683471877380285,-4.907414423601152,0
-3.6516993746136537,0.84935759996638,3.4379317753604264,4.590134243579125,0
-4.24432122354464,-2.195211393808683,-5.665015804619613,-3.33423851045729,1
-3.9377246430564874,2.1976667554655953,-6.223478430757882,0.1837445369813535,0
-3.7804979706133297,-0.14975828142887426,-1.2389741971294477,4.969174110179233,0
-4.560047007216003,-1.6492482826315493,4.430930988176823,-1.9087253219765001,0
-1.3536150879870719,-1.7247541123723256,1.1344223510923515,-1.2944327490872043,0
-2.184896331104236,1.851275273910281,-3.923823354839989,-5.214766414078816,0
-2.638280859645006,-0.39368554383351273,3.8613409710620994,6.2642167280385666,0
-1.384107094635084,-0.9895653401273048,-4.561524747947894,0.9403914360653021,0
-4.947467734026141,-0.9562144207417864,1.195873275591949,-1.3518441929022673,0
-4.62315579145814,-1.6141696808783963,-4.592351568787947,-1.6908465022188839,0
-1.0904715553277642,-1.9935072313254523,-6.058080110641103,-0.5868042487579475,0
-0.8665080709676518,-0.6617372645222375,-1.0000049498937198,5.767668466927874,0
-1.4618325967382146,1.0210354814712073,-2.706166608595475,4.98627979258882,0
-2.0114483257595137,1.577652786891059,5.137854069152234,0.37104821438050894,0
-3.3978117630805906,-0.0843924252517545,1.92719646515926,-2.519745858573791,0
-0.9488211500038739,-0.23523293660904576,-4.327653955112214,4.7013884280525415,0
-4.527604296633217,-0.886853314154125,3.667198779775659,3.564830813758962,1
-4.385625837235605,-0.6682076843419815,6.213453966623912,2.192944310856542,0
-2.499813976812878,1.7838631056857759,3.6121283430405002,-3.9541474273831914,0
-3.633023490704966,0.4100917655317988,1.92070190964382,5.719188818038906,0
-3.2001922168466326,0.20101749767273125,-5.829815042187871,5.7747680004550075,0
-4.797954688387575,-0.7115218255710629,-3.189403359497973,-5.456937749985117,0
-2.528312038469107,-0.38699798196074475,-2.354121440200986,-5.639936338859432,0
-3.6394057630961765,-1.153211437207279,-5.519762657618706,2.4892629536605133,0
-2.203263300774447,-1.9803632563478997,-1.329780238643096,-1.0473830086515026,0
-4.2071332913878,-1.2019983634293432,4.556322920585429,-6.264512734850434,0
-4.791900223664184,-2.0382777074816163,-2.096337337706389,-0.8625326269605926,0
-1.4096110006029825,-1.7095559481273392,-3.0100222947044597,-2.2295200614453137,0
-3.5509703399976957,-0.06651812982239047,2.30172497219469,-3.413143884179438,1
-3.334566695706286,2.1739603279935182,-5.669969719522207,-0.49273375819104803,0
-2.967442358584137,0.027268076259369778,-5.684982308731148,-4.544140532220053,0
-3.2357810260288966,-0.9949214920511795,-3.914675996369421,-5.887079077955344,0
-4.186293107547007,0.9362578161549253,-3.245015306237083,0.8693033534093004,0
-5.0769176066857975,-0.22544282450814368,-6.220448105026864,4.438320409340126,0
-3.2688581783405386,-1.837223754076234,3.4280935949791678,4.4649737648897565,0
-3.7863822668371823,2.2102422341818184,-0.572014675448858,1.2990111464265182,1
-0.9936137776064431,1.6372796626125248,3.933281383500618,-2.280907080074547,1
-4.515120742386511,0.8263715181025639,-3.562572467968958,-1.0798322620071907,0
-3.9322521730658084,2.0234273835019247,-5.9052752875478,-1.9282280880858078,0
-4.30004314642336,-0.08121083528251694,2.8283025098869112,2.6136259201858634,1
-3.242377983376942,-1.276744421087082,4.898644381398255,1.1785116832373017,0
-1.639155407151848,1.0258459278799816,2.425278562237051,-4.1078241582874995,0
-3.244946572474051,0.359911755814351,-6.229664484549256,-6.071757688166685,0
-2.9417898300945287,1.9581394801994585,-4.686010707487475,4.990115628911416,0
-4.0928457309634645,0.013347565011665452,1.5297078950511018,-2.8487688747489934,1
-2.0643214660768834,-0.9853764083324261,-2.577874773373297,2.0550803460540203,0
-3.350856102455018,-0.42174142698910067,1.2021650100527363,-3.3751164215331357,1
-1.7577630352844675,1.8183014499320431,1.3912728734368534,0.6724729515255197,0
-2.2011846066806773,1.0720971311657874,2.8356666120258494,0.8407387092114984,0
-4.782955439073445,-2.1517739430604705,-1.0139388079658875,0.18316313168226817,0
-1.367003295671727,-0.3209110893053979,0.25408964209768303,-1.156004434671301,0
-3.420597109998129,-0.8668622340089933,-1.3187090650906113,2.293224873507808,0
-4.516085336717333,1.228024854160291,-4.038771471517804,-3.773752569182401,1
-1.6781379201492919,-1.6453712817252506,-3.6154285615073345,-0.37930084452416146,0
-3.131254670982651,0.5862983670644901,-1.5190981503314465,0.21376475482883084,0
-2.951594332592327,1.7177270750178355,3.5539792331276265,0.8783687621375709,0
-2.286354163939481,-1.6898148482864408,4.591591093872114,3.7441037938782626,1
-3.218301095131568,0.6088345278189795,3.059620585752108,-5.989360412050753,0
-2.143537277989062,0.3840224620703663,2.754565423156744,4.867892871409825,0
-4.154242474843941,0.808159759445715,1.365788578961979,1.0172265342755171,0
-4.460386208624903,0.43868050064415565,5.468390001755174,-0.4064383767699482,0
-1.4479399351152433,1.5375684862675625,-1.3300162986304302,-4.633274815590679,0
-3.4248653321524047,2.2193749659641715,-2.0161594071361826,5.713523801708944,0
-3.220088300111294,-1.0115998857744242,3.184017311283239,4.785812812088447,0
-4.158577193022158,0.03883829349269563,-3.9467773460191453,0.276474505163395,0
-2.979460133149494,-0.9241847229671443,-5.712625650612805,-0.2324687655019142,0
-2.082924138039817,0.3296227613670233,-0.05643764874455304,-4.889707550188022,0
-2.2003380041186826,-1.241449303840664,3.3259326207468627,4.731487613643618,0
-3.4521927830659864,1.9606261877804276,6.058525539792927,5.689669107565847,0
-1.9189208224976633,0.7528787250420161,-2.4559004274610268,0.6644020710496363,0
-3.4425279875694494,-1.4879267686578563,1.4664576092110018,0.5320968929156944,0
-3.0831680649543025,-0.6905435144484748,-4.266480966222839,4.42028046190267,0
-2.055356564139214,-0.9321431683665957,-2.561827241850077,-1.6170668781712392,0
-1.7545972127029725,-1.0902992156469735,3.4207535251925743,-3.682422094423762,1
-3.5522912734136645,1.002323454514261,4.9752933552407965,-5.019030690638395,0
-1.4543345475593177,-1.9634965871382568,-4.025579571333141,-1.0855867827467787,0
-2.8408431532887213,1.339616703664809,2.6406797287799906,4.412763196491681,0
-2.3144323402770004,0.8554573320137764,0.3874809522549496,-3.1600155674474175,1
-4.08632823720086,2.1350664841614555,5.526638775742385,4.873139687286083,0
-1.4529327227344968,-1.125321790267154,-0.11796458117088893,0.37360556725217453,0
-4.42214553116911,-1.4962171120802126,-4.625159298875633,-4.701662007971188,0
-4.095881356525847,-2.158469251351333,5.692261392809173,-4.225474415961019,0
-4.96341828739352,0.5465086667924175,-3.1000013470498846,-5.902514490759595,0
-3.750636640271183,1.6584433855242917,-2.241545626981914,1.3581029016472703,0
-3.1225364544357608,-1.278719643675472,0.400489307306616,-3.928278855631311,0
-1.2323773600568297,-1.2095281464832988,3.034679787107833,-0.3923832295047571,0
-3.7923816098619194,-0.7283249411904791,-1.9921784336855008,-5.650659977406512,0
-1.195330815828342,-1.743611254385641,1.5412218370518946,3.1505326243954377,1
-2.1100619898419346,-0.6286354114297847,5.322718450130343,-0.7788505873201199,0
-4.381246288061089,-0.11685380413897128,6.196708340044396,-2.751941392290212,1
-4.170156887878749,0.7307959554455459,-4.659382481793556,-4.366776520420849,0
-4.909531986591526,-0.2563548900886339,5.298466773946738,-2.2713944277226403,0
-2.118071614915343,-0.4187790026346754,2.0089883421837422,1.252173680352839,0
-4.228629073246811,1.0105825639364485,-1.9755166469977548,-4.053922104309137,0
-2.946728015759957,-0.04807600560699754,-5.774413026354558,-0.632613433411132,0
-1.1950067797919335,1.5131536015197415,6.177104919210211,0.39455747366138194,0
-2.4017629924856103,0.49331692273453553,5.621047131804864,-1.6788262637299045,0
-2.58419848922512,-2.0864555408380974,0.7764457615912717,2.760468639870621,1
-4.898647539691751,0.12025836625616204,-1.0135795916267032,1.8472217846801646,0
-1.2957268470238157,-1.3590928175769577,-0.7529706405865824,-4.699863849997698,0
-4.074309829610832,-1.5330245541318903,1.953302793588736,2.046146010478796,0
-4.052921883380281,2.2157360191282494,-3.7955083184244867,3.4935818671527956,1
-4.420579455096484,2.133317735475179,2.108185435130708,-4.655203188564073,0
-2.7260523162446098,-1.6676490817081993,-2.7189791715136815,2.1946910347069304,0
-2.76547992974694,0.23004375565091717,0.5285126789810333,2.5294722316175102,0
-4.380274346419006,-1.4868446818469119,-3.0758569462960987,1.5760056508390399,0
-1.1846218469146543,0.06792318304394929,-1.260067742344721,2.3289721727583386,0
-3.9236985665015722,0.02470819048350892,4.711351623330747,1.3844567020815681,0
-3.1749319716626423,0.0360078421160579,4.446043764409198,-2.2329711367838954,1
-3.025499599964177,-1.5384718066295817,1.6604634014426711,-2.08356248699803,0
-4.355485610677557,0.3702331898879536,5.323863713701239,4.312135445170456,0
-1.1373047972719008,-0.37120365073843864,3.3242203907387156,3.298131555050767,1
-1.119126673793272,-0.915443269269137,-3.2627579715685204,1.818929081152688,0
-3.6376851427529986,-0.5888683225991915,1.079674858646448,-1.1306212038934573,0
-2.1711043623082644,0.6447597611304863,4.528758186337362,-4.173694032847071,0
-2.7061476825596165,-0.8973845410858321,3.736736096150252,4.260023759903116,0
-1.59379161426962,-0.2079458052974268,-4.826755658593566,-1.380813867633993,0
-2.932117272407649,1.4987760881009704,-4.346217402825012,-0.9696278232122735,0
-1.8996544357001097,1.9379691818176883,6.039113587894911,-5.4053136044120835,0
-2.544047656333059,1.1894703128452213,-2.8808601674779926,4.833704187399889,0
-2.454273844618232,-0.8431175564085571,4.1765678186455295,-4.064963867098568,0
-2.751573869358217,-2.014279297865698,0.009622832448295426,2.338206220126289,0
-1.2067925608112962,2.1171202678424215,6.2727391798558,0.20673009710364987,0
-4.164408863169482,-0.08766840873366455,5.986900822400361,-2.281820571379505,0
-4.860603508907224,-2.0230127576899632,-5.6341754187649675,2.163641256166467,0
-2.4591486152103847,0.28893522717520836,4.1714281455417455,4.034658679668939,1
-3.6906661505920444,1.4910995082894836,3.1251889926182086,3.785451289064601,1
-1.3018422555464673,-0.9758507976619921,-4.472506777253308,4.76110387251654,0
-3.0850682216396037,-1.2387111963135928,0.42503056672094175,-5.431967888846067,0
-3.717927008035736,0.40638514791628344,-0.7998627542400554,3.4492759490304072,1
-0.8907284037662171,1.9533396101261222,4.058479106747302,-4.169909341861938,0
-2.3430552496779224,1.0426806128888768,4.0584451009731906,0.4891085842781875,0
-4.5689192235030855,-0.7327128228054334,-1.325312134689245,2.9867373046960433,1
-1.5439824439706809,-1.992199499519113,0.05248327114862228,3.143340808629808,1
-4.280602133294795,-2.1803749638412935,-3.5269834410283782,-3.6627554715762116,1
-2.304685289430359,-0.4980147938300179,-5.200061682606529,-4.065780455322045,0
-4.865274049540593,1.6291166361783236,-1.2747568091638923,6.159279024447659,0
-1.299175560237222,0.3310648668774432,-0.6439573895522921,-1.3449477006847514,0
-4.5763055768270435,0.7838325850326155,4.683108522203685,-3.8647034713187294,0
-3.21607644075889,-0.6766139430911986,-2.6491102146243124,2.9481476426040834,1
-4.00405194936421,-1.4383772015327239,4.1265493759751495,2.6442916130880336,0
-4.373887119580538,-2.1121481799019177,1.2755741628475574,-0.17342753018421941,0
-4.78607128927533,-1.8758504657810002,3.2393536032847274,4.102240247303601,0
-1.011657026435782,1.827198055286686,-2.880048675621456,0.2752959928618237,0
-3.504283806489153,-2.0319387650253886,2.2187539243210486,-5.450045110852401,0
-4.661312774085577,0.27966979151750904,4.95506441134789,1.8374119861507028,0
-3.0571567301758105,-0.2444431966776306,-0.37735338999100954,-0.30028753611602177,0
-4.276952927234227,-1.1566751113055913,-3.5773608706632953,1.0772878439433136,0
-3.3734939342479837,-0.4091108854328671,-3.5910008459307945,-5.034588449278893,0
-4.314429514794874,-1.7233252668234134,-4.067702962386116,-4.588268166962758,0
-4.50716316133267,-0.9030534746648076,-1.7488708973307352,-5.585803656664581,0
-3.140950367618133,0.6871971531409105,1.3876924458128643,-3.700297861234572,1
-4.658900168441097,1.433313434326383,-5.026121921859516,-4.93101886901547,0
-4.000586736938457,1.3544763583096842,-4.748069809527137,4.425921913204145,0
-2.5414162648571246,-0.3300858587919975,0.32732021768842223,6.238265776680568,0
-2.3347743782498562,0.38666408953854425,-2.21135543814329,5.634987463830771,0
-3.5324750662952695,-1.9794623689021935,-4.140514607649004,6.011644847389513,0
-1.2056831951660016,-0.03177313140545035,5.914312190534468,-1.4980015431126583,0
-1.5948017482632948,1.6005622052409056,-4.671659211519796,-2.247164532267103,0
-2.6464054712562164,0.9816554033928826,4.598776255517612,1.121999446561099,0
-1.03329821020706,-0.861550993644675,-0.8601213136868262,1.6723537277375504,0
-4.248322153273473,-1.7030063273095166,-1.3628607370948682,-2.1444635074520146,0
-3.7926778842777633,0.49000942006945225,-0.47956703219116203,1.9939428272977642,0
-1.436002120531259,0.7539510325534104,-1.9376210796213345,-1.52487458824978,0
-0.8898883733446512,-1.1322867126479441,2.8023093549460496,-1.3929453032826746,0
-2.745331222656579,0.5117063161566286,3.2095766534662458,-3.046775128942135,1
-5.043591472137769,0.5951119136459022,1.223275285167439,2.121982596934239,0
-4.315302278441563,-0.9539116719735297,-1.3503917376323065,5.3241890308506,0
-3.6237168413132848,0.6215307858265575,-5.795912488497647,2.2660601992142206,0
-4.9257669347680135,1.8579460847385172,3.057857112953159,4.4229454335889224,0
-4.728704770151509,0.603747054614213,-6.211257753037079,3.6003203889196067,0
-4.4793137607648905,-1.5522704642969143,-1.5943590202708542,0.8173785575216614,0
-3.238490612252965,-0.6797008446109056,3.45284326646948,-0.042823585690703325,0
-4.048800753803922,-1.4884618522280981,5.82256369751025,4.466865048582188,0
-2.14699626762609,0.7437287256105303,4.749531653673549,-1.576732958201342,0
-3.6545842871757888,-2.0121668971290987,-0.22904979489112431,0.8087720653112829,0
-3.8308957805389734,-1.8924878234331146,-0.9422589160337669,-1.6329963398391962,0
-2.2695308102904734,-1.2986050577231287,3.702067013724702,4.241723738829237,0
-2.3052599272334446,0.6778283790727753,4.701638259565255,-5.97893233456888,0
-2.568780120423523,-0.3576509182407155,2.387992225905454,-4.227800246122852,0
-2.3610488975370267,-1.8577935093961087,1.4910576138107041,-5.776406675997935,0
-1.3433780516585263,2.007737618672039,-3.588060380141368,-4.526326903510244,0
-1.5820993157419,-0.8039433362959723,-5.064064524729559,5.618336634363833,0
-4.967391552459157,0.44088421273925693,5.958679066247114,-5.265964883165597,0
-4.011165722073761,0.9900322618575919,1.6859844906221078,-0.8914319157508963,0
-4.166052613603236,0.8800941420406287,0.4345854361932977,6.198900039642804,0
-4.086003281347708,1.2442870779326682,2.584810365586372,-2.489833274286549,0
-3.1631385483623036,1.9120436187069667,5.474578721259172,4.238695341974478,0
-0.945154887901059,-0.14972856196096362,4.203928263946314,-4.323683652559283,0
-3.771260005282455,-0.759753200563001,0.8471483061795011,-1.2907497335013298,0
-2.20319113286012,-1.3099929130987844,5.887529156301681,-2.3781834353816005,0
-2.750712262352347,1.024380502762158,5.832527327836975,-5.0957671681906325,0
-4.134707463440005,1.4167053135100498,4.145040890237394,5.977273107020777,0
-3.6905763780310448,-1.3651181567665445,-4.6856931747060475,3.715104378497144,0
-4.962903113952225,2.0435832026348995,5.010454998585652,5.925855962202694,0
-3.463215242864248,-0.0360539228957899,-0.5475675447528223,-1.4275512972768363,0
-1.1398636443954873,0.6559299487292836,-5.152699365244987,-5.307402769128896,0
-1.1595212449717613,0.4570816674287572,5.409397176120433,1.4094958679400431,0
-2.3040891388201628,-0.3122915098931647,-3.694903399756625,5.975244466334137,0
-1.5746261821013747,-1.2968031865349725,5.478382261400863,5.993540687724329,0
-4.547648106261588,1.3891389963997787,-4.3507609833257535,-5.484594307495871,0
-1.0208345302731168,-1.0035357935543507,5.180356881473261,0.46746917920091047,0
-2.8158401369102397,-0.22977931817628705,3.775330275663557,1.479428690830125,0
-1.9245252334555154,-1.4277936612769593,-1.910366256497201,-5.1423270247948825,0
-4.3394337606266875,0.6557448005964064,5.597912266915384,-1.5284286309899047,0
-2.1883497603767426,-1.710039983394689,-3.983921843386935,-2.2515794659446478,0
-4.861408797481375,1.3798264853329818,-0.8194175800783805,-3.40821123056384,1
-2.8965180121465015,-1.7722258538820541,5.48457132982599,-3.9199310473018527,0
-1.0889200132924914,-1.281147335813067,0.24554295225775746,0.10290300961475474,0
-4.206439219061798,-0.20613432216982086,-0.17231550485749203,-0.27699094590772244,0
-4.985603170402871,-2.1979150140561563,1.1675352872391773,-3.416724780876829,1
-1.3461817658878696,1.8342554097853676,6.046221991737702,-0.3892962076008377,0
-3.3473601877495804,1.0974629619497112,-5.522244918707775,4.047002138938216,0
-4.0895820964242695,-0.7698110029678902,-0.9021865143285508,1.7324855077378603,0
-1.0047412612209916,-0.845655834870273,-1.9132191464610546,2.0413717052394693,0
-4.369303278022635,0.040840069886701524,-1.6213412414366353,-0.9409730000225123,0
-1.3840991613840474,-0.5969930101051764,2.971358049533607,-0.5060491264628837,0
-1.7613666494177882,0.4150353221436296,-4.632691075040043,-3.7857891860467707,1
-3.109880080318549,-0.7534881729836418,4.9572798590597555,-2.8563135924564005,1
-4.348777961273511,-1.3473927101383567,-4.340446014441891,-3.7973027028817277,1
-3.2134565698101683,-1.096276949620205,4.80828910938802,3.272458045487128,1
-3.900560006417143,1.8460267193229387,-1.7875061480337635,-0.2712341283513249,0
-1.0461290839625272,1.38332456320695,-2.4073349583522763,-4.681410948987267,0
-2.894678590648412,-0.6666794799672464,-5.401658708650624,-0.23709384185483895,0
-3.8319455072056314,0.4821779292666504,3.9573180885075514,-0.6500976473771756,0
-1.0153821390758075,0.23002282891260561,-1.7482193485960078,-4.0649739601924155,0
-2.759661515100191,-0.9173106482119171,-3.253955417836239,3.1623657079386165,1
-2.2494113405005565,-0.18914801333651132,-4.636017444517782,-0.7683994253675248,0
-3.609844154109231,-1.4209646519586352,-3.315874381485859,3.30523295213795,1
-3.811243554354461,-0.7279834862746106,1.7960601971608563,4.611683794180228,0
-1.152737098440574,-0.5911237751696121,4.895630099740752,5.132119576738863,0
-1.1387011797049897,-1.107052293403578,-5.260705754675825,-6.0814822236719195,0
-4.272170916216522,1.686875475920599,-1.163528408441068,0.8561819322195383,0
-2.9692607840521954,1.6138960530750266,-4.915266783025984,-3.4517685137143492,1
-0.9287774584614281,0.7918394331688128,6.2149921230781,4.683774925821777,0
-2.1335108377456344,-0.4995546128501167,-1.2351298768422323,-2.912851083453879,1
-2.05515447591602,2.002238927523822,-1.9513104654140818,0.7159423804310148,0
-3.018913029807042,0.5132735398985759,-3.828469745477685,-5.552206472601088,0
-2.6155468947875677,-2.157599379707995,4.1965584035464785,2.2774981769825215,0
-1.2128751252684316,-0.37067974034487605,3.918571810972444,-2.955220914618611,1
-2.8401996273950076,-1.9018247734132772,2.2320201975481373,3.9497918829485306,0
-2.770614217210805,0.260637276828513,5.834357209908373,-2.956654076852252,1
-3.2750437688775342,0.9346255993634358,-3.1018835408831746,3.4639360456498567,1
-3.878529074184434,0.6811937524951119,4.209179935974016,-3.6037788239485304,0
-3.2271046672773895,1.4941441680739929,6.205616822001875,-5.79462746857433,0
-3.2166837867601874,-0.8212935769215854,3.892855649747575,-5.161632416257332,0
-5.05147643199143,0.48667298247419266,-1.6134173024160985,-3.9082145588259745,0
-4.845400736199592,-0.8571527346136416,-0.25852154043800724,4.544389087769136,0
-3.310754178539838,-1.8849164468067354,6.0663188744909915,-1.1072463898197693,0
-3.981704913018331,0.9450664579417674,-3.1918026272164637,2.8864794935640044,1
-3.4349875900485296,1.3232610335985626,-0.39901354448858495,-3.7609353602012816,0
-2.453916058293568,-1.1935523743153045,-2.644762873698704,3.718519222180938,1
-3.2519132529407786,-1.391659334494994,-2.9386522398718844,-2.836872015271079,1
-2.5894127294637235,-0.6064385168772455,5.574107503382613,-1.2302796551472088,0
-1.2272547443084139,1.3342860900886908,-1.2661069986181515,-5.838932852462588,0
-3.320100122177422,-2.131252438330401,3.5532902435968525,-3.6306640805817656,0
-4.205005932563884,0.8771545828981773,4.375662271007177,-3.4205759962018707,1
-2.3077482480240565,1.4793383672259202,-2.439149127043594,1.4935897475394855,0
-3.561252081417665,0.22786369179670984,3.5273297327592426,5.507703924550987,0
-4.3959846740197674,0.35568918111220515,4.7310774227213885,0.34486783371134067,0
-1.4151415807910324,-0.5506018265568005,3.1318719429395143,-2.6645427568351865,1
-3.3114577929388664,-2.132165378176326,0.03610920847323662,0.0662781440012834,0
-1.831943376905666,1.7434564416502125,3.603355751012347,5.18921110436093,0
-2.828480476975033,1.5824201013076165,2.235326467965762,0.29001667094819616,0
-4.57001966292707,1.7816543755206022,5.785466147498139,2.786264332854185,1
-1.601403559874087,-1.7696307001623153,-1.8582435315551686,1.736087824754791,0
-2.8204556549705013,-0.36702732101166746,-5.101773730462975,-1.100571076426859,0
-4.851137444678945,0.5237639370327671,3.6146782040242416,-1.4722434754799885,0
-0.9254911632958374,0.8329841031815257,-2.4954163077575515,3.39362550603546,1
-1.5904963323501584,2.20629999694463,1.9905184510197467,4.139718338116455,0
-1.8571543100029495,-1.914862663705524,2.661687700992549,0.7978518563373891,0
-1.6999270519842962,1.697151752370893,-1.90565490372411,4.585658912797743,0
-1.2508345000721985,-0.878964661942311,5.591062493144904,-5.640937974114617,0
-2.207408434471359,1.7595121773768998,4.6046069318501255,3.0906138157296246,1
-2.4962185708848312,0.7533701076099293,0.39303700052167834,3.507630491299497,1
-2.043013385641946,0.6309624187224161,-5.9385924032703326,5.758952092331682,0
-2.210639867739181,-1.900341954983248,3.064573717049085,0.39705825881471846,0
-0.9863879081837377,2.076604107703656,1.7639165040217355,-3.748720709071667,1
-1.8729112886788726,1.1284053769952447,-1.8894810401624547,0.9873327679653059,0
-4.48950710175777,-0.01934905296776135,5.060332156636361,5.299032681629957,0
-4.756129555134546,1.8267874880825166,-3.620141626863142,-5.149582528473672,0
-3.101800613839467,-0.37257666683467616,6.1521777492132115,-5.349835496884436,0
-3.6042054760181124,1.09917821553631,1.0078171222913657,3.4466800893908145,1
-4.065579501571216,0.13010112612365043,1.7391521487251422,0.27789116686357573,0
-2.0928578039996806,0.22715958230794975,-1.9334383843165321,-0.40628519722533163,0
-0.8723760612469,2.195656311949502,-3.0055605064205357,-4.351643778006684,0
-4.062323088180249,1.0606934760433004,-2.132671727292494,2.3367863609941066,0
-1.651887365577628,-0.15275478057129543,3.3287065290362188,-2.415721742279383,1
-4.533703170994119,-1.69461651088124,5.147045581529416,-2.574558738572314,0
-2.8922950397400014,1.8107379835626056,0.6818269567239348,1.5305871050185171,0
-3.339609821380792,0.4758390526360512,-4.583397809747898,2.430868298009197,1
-2.9373268822168686,1.0135527886985982,-5.349673857601848,-0.6677041392782428,0
-4.8302305977565965,1.1375384247271354,-3.4870588256160575,-0.7415093446166585,0
-2.215097676519914,0.9677599617008368,4.141658871168889,0.5752264688876609,0
-3.821877662233195,-1.3068869310432794,-0.010120528696874409,1.5036755306082812,0
-2.143304661010956,1.5378426956470936,0.35993867864013485,1.2810818619057711,0
-3.542024738480565,-1.4991256155205885,0.19703422783596913,-0.23120963957209373,0
-2.86679601831573,1.3005356965543813,-0.39789408423920314,5.805231855995857,0
-3.683503188976898,0.6885262392021154,-3.5555334975592987,-5.084444518487605,0
-1.3879488693077504,0.06641508864049461,3.381686821105661,2.9323385215659377,1
-3.4963077857383835,-0.728238795708321,-4.342203944806742,5.539918136644599,0
-3.134527293407955,1.730895720276009,-2.182446171219447,1.7780102541122647,0
-4.670920915260857,1.2718401565057356,-3.3826701858821058,5.096745672603107,0
-4.995058273408293,-1.088734902373651,4.3926112039994125,6.26528735359235,0
-2.6291483564066316,0.0713004179253609,-3.134560430647484,-2.97833606807313,1
-2.5433229462165183,-2.063758524096501,6.1578927738849965,0.3362717859105846,0
-2.2404819416052586,-0.7313652137867168,5.437644238176024,-3.7195105207409287,0
-4.551325546893544,-1.336778976644561,-2.4717819174695292,-0.7559984264453385,0
-4.588929936378984,-1.5143510726821603,5.100701543210682,3.7485112110404044,0
-2.5189427233429824,-1.41961725274781,0.5938724855332262,0.7633638244988727,0
-3.773898368312264,-1.2114542264856802,-1.151462835729661,3.1296274158830935,1
-3.0063092743025033,-2.0135318151751873,-4.682041918638641,-3.9097746420367745,1
-1.520429508790123,-1.8242551936576694,-3.4179806008964078,3.2573242162811864,1
-2.8992366628196162,1.5459342115451573,-2.3065000958508577,-4.0568622763159565,0
-4.600930649870736,1.5168840518759894,-5.4642684531231085,-5.590016535677274,0
-1.5608034737650764,-2.0785779704056155,4.380828940989274,-4.328212182128619,0
-3.123515571402722,1.6963804926819286,-0.7177848933273046,-5.378227891957824,0
-3.8558703404140955,-1.6084448317897213,-6.14163065765409,-4.036731553244202,0
-2.8514237338637605,-0.9945679025164178,-4.395502897202481,-3.732951915228965,1
-1.7105991084712402,1.235781982224795,1.2488007157639869,5.691543651701324,0
-3.1197813504205674,-2.1580464761241984,-0.28595465070399584,-1.7625913515473668,0
-2.7136249630661413,-1.4510076352229575,-1.8562110808220407,2.655301407234364,0
-1.3732652693537064,-1.9962659573289123,1.808758082210347,1.3866756112292986,0
-3.7829106985784127,-1.0972557578768778,2.6590251107475114,-4.988860936421947,0
-4.0782652865788265,-0.4588591452711661,-3.195690552553288,-5.745549170356488,0
-2.1568461644164767,0.4275666066670043,-1.0810351926742134,-4.06106271453085,0
-4.937460000103471,-1.0315934202020551,-3.751065112697897,5.395435819524304,0
-3.532887070819367,0.6827104670814852,5.676225603416204,-6.1286286005199795,0
-3.152829585843036,-1.9978409739627288,5.098131868351296,5.912119624624435,0
-2.7791298354891594,-1.8665549973051245,4.3933523244312545,1.4296828929611856,0
-5.034351978680453,-1.5115816976628493,0.9023352251051309,-4.351037974678402,0
-2.149882552499356,-1.1356307982857106,2.8860464340700274,4.383168988168166,0
-2.461765409834886,1.3331837474266295,-2.358588732098697,5.896399811593381,0
-2.8241255771182274,2.2003436344800833,-4.084419228913457,-3.522080321941733,1
-1.8897790610570482,-0.6746383176634463,2.9408781027571314,-3.5765385228698783,1
-2.9708068925773405,0.1840620010330678,4.4176306153716345,-3.2442530493569954,1
-2.2656445085678216,-0.5807604039213834,-3.0408512451037057,2.423157977758337,1
-1.0653605583283676,-0.06331353697155473,-5.16966722879953,2.1878916171068914,0
-1.0087490156765604,1.8137588167544831,-0.31016143938193164,3.1873597363280846,1
-2.6322422185105454,1.4070616393779218,4.3419844721259695,0.25210321800429014,0
-3.1633698654243356,-1.6739595431872878,5.6893680291949,1.8939800468547743,0
-4.836990325330522,0.00477719220516537,-0.13482920316517966,-4.5010145622603135,0
-1.7746500807329384,1.5896469338107528,-5.685001315477608,-2.6803823126825055,0
-5.052581659775037,0.5680299453178383,-1.0757166237508224,0.27476801969203013,0
-4.43205710278696,1.4395972566376343,1.4366894980819334,-1.5861018837976673,0
-0.9425839662936291,1.7489569259321165,-6.106956417506728,-3.161424246560723,1
-1.5379291786828535,1.6508425378008562,3.8974000942347375,-1.5343591889381312,0
-1.1766144640153593,-1.4310013639880772,-6.005797720928607,0.19007521318813403,0
-4.567678319671573,-2.108102414215418,-5.020390274899657,3.5522263045469833,1
-1.2252764131220313,-0.9415530270459256,1.2732419009105298,3.313881485141777,1
-3.172520309163569,-2.174555546007641,1.662379437624744,5.3902826613246395,0
-2.85278008911623,-0.4832245791539924,-0.6915817215008015,0.5901666119824203,0
-3.9664781781772627,0.020092086446245272,6.12485194382116,-6.0761454683385585,0
-1.4936894426680398,-1.203747258256988,-2.211800140245737,-0.25373080539527404,0
-4.526417603692044,0.3221958550473132,-4.635628319439972,-5.630378064670128,0
-2.4013163487965645,-0.41743572779585736,0.05104266645075928,-5.140785817909995,0
-3.6854190328120024,1.6461574941688548,0.030307200004585866,5.917457506637239,0
-3.8704381872825895,-1.59611478588439,4.515706745125125,-0.6499504268049776,0
-5.041090927345199,-1.390504616370078,-1.3829882709600314,0.38588453571654036,0
-2.440641086783409,-0.6181521752858288,-2.4944080027944677,-5.8897658231228105,0
-4.281535211970635,-2.053185045942447,2.2612387887231167,-4.002602477900894,1
-4.68934719330288,1.338313756273274,-1.8184640034377306,-1.8983102102972476,0
-3.6166476645992933,1.0238966691244134,-1.7420858304103009,4.42894135113549,0
-2.481286578788651,0.4834739405887749,5.025146453484655,-1.9763122818174743,0
-4.819515501026443,0.17657849975471818,-4.723338036222575,-3.284861466930274,1
-2.750241678507086,-1.3251859109708861,3.8552194578866876,5.487555538924778,0
-3.27301894568399,2.0736422034059516,2.682647820437162,6.189667943316789,0
-3.5356753678920683,0.45408017061882244,0.24074047052387826,0.4176176114862553,0
-3.98764557877866,2.008700159043823,-6.102593347531091,5.371515134825024,0
-3.455109569669549,-1.6167032825994445,-4.920387015075796,-3.2624732096077,1
-4.858275343090051,-0.5887475054748101,-2.771303558846762,-3.8566517896418646,0
-4.814275588615229,-0.7944708395038029,-2.0220627780278386,-2.1612760228543575,0
-2.8268558839533044,-1.6837367812761959,-3.74144439003478,3.223516808352689,1
-2.0195087090334463,-1.0348466568636667,0.052995105554374256,0.3997076285708543,0
-1.0362840071683221,-1.357218960841999,3.3253440004340673,4.324060811235504,0
-4.292513630016057,-1.5066627499253804,3.351957135426402,3.848368033676235,1
-2.499017999622393,0.6743762664819255,-5.095070726845927,6.208020890290833,0
-1.199459275813533,1.0414156858910002,1.9622443801988085,-5.850706598741053,0
-3.574950238096469,-0.9483181042139042,1.2862727788285833,4.482166522472126,0
-3.1811695718856434,-2.008624171602831,-1.0779303287960582,-5.746728112479086,0
-2.1712892924410725,0.2840250860844633,-1.347248248001983,-0.9407109421766311,0
-1.3133534087212335,0.6841763434611479,4.945413696676376,-0.9298046819506132,0
-3.6290747047312166,0.888231626661725,-1.033144323282734,-3.0474037480273655,1
-3.4317782018963587,-0.30706885305968634,-1.859759915631546,0.8263251553385773,0
-2.097299574756986,-0.6117310022249496,-3.0555746751183124,5.900331030117486,0
-4.93984708210474,0.13361211755366043,4.24699512866862,-4.495174691303369,0
-4.253848243034227,1.018562961889351,3.9969355489983522,1.0570765937421962,0
-2.453234581162111,0.5010533621531446,-4.833263170372886,0.8021117875997037,0
-4.269045219109047,-0.0513486634692657,1.229071777069917,3.967719266216462,0
-1.7518123021748209,-1.5419960259521166,-3.0325218424518257,2.046331111303725,0
-2.94937838709435,0.0032566916970027115,4.957790986337032,-3.944161286361093,0
-4.471290017817369,0.7945621145773214,2.7388629481261857,-0.7202404495871573,0
-4.96241794044231,1.5401877359403975,6.2770526316441595,-0.5607773546698,0
-3.475119150089257,0.4468594934020116,5.304811940137802,-5.177742152389325,0
-2.832853968610249,0.8752837704812451,5.620512645762498,-2.3271488598350367,0
-3.209276333673074,-1.2446898418133951,-1.0530092983548274,-3.893032087547466,0
-2.933134363706817,-1.697944251463145,2.578221463039303,-5.436524687648741,0
-3.177072505124756,-0.2821585701179288,-2.02196082887985,1.952569972563217,0
-1.6233593782551479,-1.2019346841096499,3.1213417041772784,4.725916446804038,0
-3.3106951117450736,0.7563086737223257,-1.653597297568318,0.46688846298484066,0
-2.3802773454082584,-1.4157948763934103,-1.646887537937368,-3.0828606082813366,1
-4.386979358273732,-1.7963408497556346,-2.9905815354669225,1.5945213958292959,0
-2.481306701141586,-0.5257506889037422,0.42585474699300363,3.4145683929997075,1
-3.2740233629126045,-0.6213096762047048,5.855504974624293,0.2760702333227165,0
-2.334405457029989,-1.7098399503134112,-5.54249335847412,-0.8905181743461341,0
-1.3416068734073936,-1.5875726573976428,-0.5227937830114024,-5.114614696168153,0
-3.1726615486755625,1.506217802467828,3.1590856771091813,0.09642308811992972,0
-4.937206042037297,-2.075236960526431,1.6195870955644809,1.41223797541996,0
-2.576919656844899,-2.085195163674166,4.635315555639154,-5.822436742222986,0
-4.204026625578581,0.7020195959404911,4.525944388219199,1.8638749261542165,0
-1.8301447098320516,-1.0128990419291612,-2.021863258446979,2.559447843425221,0
-1.5379595163805644,0.2790828826608087,4.873641203338042,3.3184819907262666,1
-3.6765502001919437,1.7378863025749376,5.929201424763925,2.614797153694515,0
-1.244518462925761,2.1809875832611136,-2.5229881892684807,-5.783583349250706,0
-1.682769334134481,0.6487876260766989,-6.218991837517375,2.882458303533899,1
-4.2283896264824685,0.008788486374963433,-0.35619920575780384,-0.17527166551543516,0
-2.030482687902458,-1.8065171930771016,0.2727305301741527,-0.8647439783075948,0
-3.6133811710753627,0.9362927051190164,6.217318281587057,-5.290984279070561,0
-1.056887906722915,-1.524407760702326,-1.857366847495297,-2.6693388870318073,1
-2.840866061158118,0.9233374630819644,-0.04661339006479803,5.265724512648355,0
-4.116061183000262,-0.5263282698661222,-1.2148837983948786,-5.271716855725294,0
-2.560559422765863,-1.3847669653200585,-3.6554673299932476,-3.7916411678641406,1
-3.3857776821523684,-1.0950946526760947,1.0103050128677307,-1.5482049057006533,0
-2.935424652350177,-0.12418915182427082,-0.8993883682311914,2.3834088164577336,0
-3.2823735942497985,-0.7100159608132983,0.8508847246175346,-5.411602290708796,0
-1.3920242367342555,1.8033604777502181,2.8621840035014356,-2.6619667928499133,1
-3.8905244244935444,0.6202799915102264,4.553600373128568,4.2142592882753105,0
-2.9963455881329124,0.8451878664273162,-5.573012508946191,4.441594974722979,0
-1.857880997857035,-0.28462844943861354,-0.9263728080584874,3.7118006094312426,0
-3.703393994431422,1.9676582388434247,6.142994760118774,-4.394372767229331,0
-3.618472676769022,0.6268358264241916,-0.28073145416348755,4.852365388598776,0
-1.4082425658538886,-0.6124895393695355,-2.9727349348585417,-1.0227006205001343,0
-2.747966871702924,0.9037365487156719,-0.47441719739552823,-2.174156700425014,0
-0.9665283663481796,0.9115274868161034,-1.6950065791274342,-4.396735037148199,0
-3.839525978083514,1.6713505813657532,-4.599642494541175,2.434873237665058,1
-2.1017123145400447,1.6548381806739632,-4.388456535123965,-6.171767250400074,0
-4.360301970213369,1.6787852565329184,6.119060330443674,-5.716303149697966,0
-0.9541734946364571,-1.3080683504171935,1.1571882807900549,3.216305547298668,1
-3.742909124069941,-1.609909239123825,1.1955782626953493,6.170032529438749,0
-1.7306890294265114,-1.5119483585266908,-4.7234907870158525,0.6940105859447048,0
-4.412225461849673,-1.2813616304130222,3.1786003166736014,4.930321174626294,0
-4.269710426934703,1.001804027068749,0.7018202052395592,-2.5445057937846354,0
-2.3419943722906975,-1.263009112570915,2.2846125676424434,5.96085559043389,0
-3.254456901678175,1.9854364258715411,-0.16183032584974288,-4.93247455750199,0
-3.1875585634097208,-1.302535162947587,-5.433778727529441,5.4191618321196495,0
-3.647987345978529,0.13362944719219483,3.3324345726692757,-5.06250215512622,0
-4.755587469682643,-2.099772798703424,-5.418122034712733,2.4095990897477995,0
-3.1157290902995562,-1.5961525071061233,4.122165027266058,2.742483073454827,1
-4.632806812099963,1.8522773285353558,2.4777571925839093,5.739563102962591,0
-2.9451906243000052,-0.8105706799992722,-0.7896717899705026,3.216877370373015,1
-2.99614513276812,1.8267541324113812,-3.737789689432746,0.49533824882473176,0
-4.138510067853547,-1.5225097590303078,-5.663629960583131,-1.2022877084895613,0
-2.1951479946602306,1.1626220265610203,1.9761145598107719,2.765913324273458,1
-3.0133864451175656,-0.9902331670259092,1.5669935716384709,0.4710962414672881,0
-3.0931083085537376,0.999846832853994,-2.849153848487469,0.34414124506612787,0
-4.14122912676665,1.066337229894787,-5.144474534392966,1.1589733775817193,0
-2.7370526358802683,1.5811215550906095,4.1126571075098655,1.1738107837300653,0
-1.048679190408313,1.6294326130056556,-0.675099734213954,4.57320092392074,0
-0.888309916562271,0.31315454315084557,-1.6550012287204607,-5.647230487095758,0
-1.7429229300955358,-0.32689293369503214,-1.5903026966710456,5.57844420727801,0
-1.882667635821564,-0.14293940406216255,-4.9517782734833835,-2.0308826109867715,0
-0.9636341715528927,1.7278286420055866,3.422672923641513,3.801974500153599,1
-5.008439699709798,2.1813275624124073,5.766246555941151,-1.229145779211363,0
-1.4933162463542708,-1.4900605426828002,4.818848496550387,0.27809657694506296,0
-3.2206362063838876,-0.1129267431406884,4.012301489640644,-0.017583517794892423,0
-1.2146521906671892,-0.7540324520059749,5.658233148721988,4.134130158742624,0
-1.8163939031328065,-2.019266142069962,5.530813741479547,5.48950782448905,0
-2.5979619055682592,0.3437237719479267,-0.46974323747224833,-1.0077469892395916,0
-4.3346638893536555,1.1249628142344688,-3.3568842377470856,4.228207774866196,0
-1.9917970219093748,0.6791455448986885,0.6105925850869269,-3.5779519009368737,0
-0.9850116150955142,-0.21620749249278237,-1.6567485162825095,1.5845606301562931,0
-3.64291247781595,2.2183785047666746,5.192726767252084,5.055273990831858,1
-2.9196764225273046,-1.8297739416577548,1.5090420177672756,1.748511008802459,0
-2.1063767521244166,-1.9753612667123408,5.75364279425776,1.0751832440076825,0
-4.574032574697286,0.3954891948846697,-6.124290993217603,0.12226732804813611,0
-1.310254693083527,-1.1089857119171156,-2.013153799724316,-3.1421843371098914,1
-3.997560280039715,1.5390179586947381,5.902344451105598,-4.108033014447342,0
-2.0343315729275484,-0.9618201410461735,0.5439632535236196,-0.009039972404702112,0
-1.532680962186479,-1.8521406996662384,-2.697623166197026,2.421210909842757,0
-1.472521491373754,-1.560246085912868,-0.45568021636279443,-5.890705456676951,0
-3.175960599525284,-0.6402398141422998,3.0989503383658663,0.20817578082823385,0
-3.236751638133642,0.8519180509676842,-5.761861911717575,-5.024604691472116,0
-2.4799477921634456,1.7713143962628184,-6.081511316109,0.7232487201393676,0
-2.3585857937152266,0.48092162871979394,0.5677735593563593,1.50614471111236,0
-3.2138798314155266,1.1493053914829225,-4.744043412732598,5.352848385212284,0
-1.6138700977249107,0.4604335118234255,-5.316140242410203,-3.8354696622421764,0
-3.0634998964479703,-1.06203309748254,-2.0804481124295533,-4.195129031722937,0
-1.4309775176880315,0.07121236079868032,3.3618225706961935,4.9377166442396065,0
-3.251078388140736,1.351452036609297,-2.569891618444276,5.191277808213434,0
-4.0587830330128485,-1.017490162560102,5.557858017572525,5.660350408856741,0
-5.021666770625985,-1.6936832257941268,-0.543275284673773,3.183464375320452,1
-1.9896292234666215,-1.732537886752647,1.434336972507606,-3.3591435837151216,1
-4.634925135647316,-2.1546339676660997,4.856268210085438,4.009897882633431,0
-2.934197321510134,-1.7059684965495834,-2.874508148887265,-0.07209720324300584,0
-3.3481191517457525,1.564935002997803,4.057729264099291,5.050999835217056,0
-1.665778680874106,-0.9911598354527502,-3.4120969307030102,5.423713092389163,0
-5.042410413326321,1.8219226108011353,0.7582961333564855,-1.976914400472511,0
-4.240406168221562,0.8944154388300829,-5.244704452418487,-0.04314489183132597,0
-1.358868905624234,0.36166759087109357,0.2634539474125157,-0.8968729467684886,0
-4.577837210904859,0.9054802626109524,4.056074617545302,-3.7883099811840077,0
-4.9950800222777,1.4173289941359815,0.9403551678683426,4.558355269432647,0
-2.4305119234422587,-1.7575108646806772,2.881395372567261,3.752297836687714,1
-1.2070268053988853,-0.8230116717441092,6.193321715733508,-1.0027545471705386,0
-2.2556497649263627,0.12158278149918456,-0.5919507186570536,5.36247943664035,0
-2.55120796049277,2.038495719943643,-4.949363996193523,-3.4442635625276963,1
-3.685293060454013,1.7058516518779516,-1.3303038369443572,-3.19047841152581,1
-4.013503095002444,0.9637335809654144,4.96326131923817,-5.3993627335250505,0
-4.279882013530269,1.5345180414327118,1.4353800419230245,-0.6622173724321394,0
-2.9320016606786514,-0.2762496333406135,1.0299090571805616,0.012349130559116794,0
-3.2473089076001704,1.7419638066461736,3.0853387699474935,-1.9922861130842184,0
-2.2934851234043396,1.7243250450513536,-4.352137900500168,1.0384917193383298,0
-4.150889563913343,-0.6399081773449806,-3.2808562632549387,2.152828263613279,0
-2.7286446509472158,-0.0976747885896625,5.634999637027373,-1.4907773169871827,0
-1.3099540248007422,1.4168670386287694,4.708126660992851,-4.196722666674814,0
-3.640852823505443,-1.6549423255252655,-1.340128340736693,4.65641116887237,0
-4.102475979616389,0.5543425413937095,-1.4084278449622865,3.9224496476667925,0
-3.1506066763929947,-0.01515237270157277,4.929603275353327,-3.3918528961979773,1
-2.5249165534317513,-1.5038513032713106,5.928248944334235,-3.174457439266965,1
-3.7746225174396315,0.5867310443015454,4.52867825423682,-3.436446892433644,1
-1.9568136289660325,1.5159927024488962,-6.127510284419133,0.7094652968155746,0
-3.4260032354142718,-0.5240158890730715,-1.8176638632171214,-1.1261125322280385,0
-3.2970752379267587,-0.47798159240204874,3.575943899403142,-4.563508691017892,0
-1.9058549867806955,0.35518004036479045,-6.245996642632114,-2.5275860729797386,0
-1.4724016381526508,1.3192641157956952,-2.8631124239284724,-0.5019291896156499,0
-5.0330256829457,0.43868360953791985,2.5961007716941173,0.9457046050139875,0
-2.5563404318704617,-0.5987448575656527,-4.082278361157149,3.3260387276757752,1
-4.693164408027605,-1.7643402249339974,-3.6892123332288573,-3.935523977585402,1
-3.163425345923148,0.8589467025822874,-3.450265424893893,2.813593887435414,1
-1.7977395680214632,1.8227395159985114,4.798896030542591,3.7368160829079295,1
-1.707228170846137,1.7130955077359813,2.1873625252121967,0.3151710108114889,0
-4.909050986717975,0.4132458997631523,-5.0174436622061425,-2.313998158253095,0
-3.7497583585497885,0.6422231139464287,-0.6874657470476873,2.2023265516929262,0
-1.6180583966463642,-0.4670874591668339,-4.248012330129143,3.761878327820953,0
-3.1242991300217215,2.1194713680392385,3.1913774359308027,-1.8246499657713278,0
-3.4202040692895896,0.22255699566533904,-3.01763731379184,-4.581619693229936,0
-3.4807427297747333,-0.5014095759619848,1.7306429040902964,-1.8662797064218015,0
-2.3154471452345917,0.03264219026248005,2.3468305460268235,0.4919537520038908,0
-1.8789221407903578,1.5411175420804262,4.2184389191423195,-5.336249036371615,0
-2.065212312275065,0.37223786072130904,4.35327359657498,1.0005888745343459,0
-1.81767662213944,-1.3593353982785041,2.254334341321786,3.396166012757468,1
-3.367947093630717,0.7355081545389477,-5.510020933885565,1.203975861181175,0
-1.341376360312689,1.2165385872535492,-2.1505243139999406,2.9017352067440383,1
-3.2953490126692913,1.2839303548484944,-5.7152491142147275,4.6878936006047445,0
-3.6613639180700783,-1.7315833483844507,-5.924648641185281,0.7369491637267043,0
-2.405250184616127,-1.3591078991874306,-0.8213715534470758,5.316805782616798,0
-2.3032067827226474,1.9397521607606323,-5.601077846070394,5.725608309412903,0
-2.6589955808961925,0.268475470819463,-0.4369313571615212,-3.516882402049598,1
-2.4655537998098125,1.092185584843436,-3.49225726311448,-0.612735905384743,0
-4.003350975109893,2.104646214263068,2.3090892352360006,1.798184346863093,0
-4.858383330578258,0.6125370675557553,-1.611306576541053,-5.706481694914971,0
-2.117126255320288,2.1790787170908286,-0.7757262349800769,-3.1983253124336484,1
-2.5451056674608634,-1.8467409532747934,-3.3591341290418324,-5.473536824337767,0
-4.23943478012379,2.015112580917839,-1.5042410662247363,-0.8626423841616608,0
-2.086903118803784,-0.3969825515738459,3.240934813398421,5.520683200191063,0
-4.105580092234692,-0.749218668318312,3.112238922722109,-0.5288090359225981,0
-4.173214468295346,1.8040870389282584,-2.28940747479527,-4.970617283523185,0
-2.8538023533679215,-0.6323800472936243,-1.1248550921435898,0.7150875384409359,0
-2.344231611603689,0.291237785080098,1.525517585664419,-0.5308460556750294,0
-3.2379170030191764,-0.651700108557878,-4.791825230423693,-3.5570655296130544,1
-4.985067703010567,-0.7484999520705005,0.3647347822204621,-6.26756567628459,0
-4.8287905607662,0.6832855989013238,0.6238978947400611,-2.146819627760051,0
-1.1193346157920638,2.0307566886406385,-5.975679312659935,5.543568279954299,0
-2.5137321038064706,0.5772703343648509,-4.439371859032636,6.044833141355505,0
-4.825140181404392,-1.271095934899087,6.112929411072732,-5.1692090579103365,0
-1.1661174133542311,-2.138098965168261,1.5457780847391653,-1.003750419796937,0
-3.568173415845763,0.13043721783407136,-4.40569973079038,6.243186779117619,0
-3.069296719998114,1.4122408726643023,5.876908547431003,-5.556530807240077,0
-0.9071026931599437,-0.5624794966849056,2.5672247999568016,-4.406246650387465,0
-2.2677231490951737,1.0708935644191233,-0.5495338192107164,-4.333386162987928,0
-3.6136982741177874,0.6890436794115438,-5.8470443300205,2.623307705216603,0
-1.908959567987294,1.2968726401629214,-4.257266223781555,2.18725241921777,0
-3.679332689746779,-1.4521742142174516,2.311041300726864,1.1071181323127215,0
-3.7848796840270915,2.1090730749405533,1.1843380158535854,-3.672077118500368,0
-2.660980403379692,0.8808191025888501,2.095426068272052,-0.3542986671332802,0
-1.2540846194832098,0.2911966553564631,-3.2074832125465997,-6.139494381228826,0
-2.091187754639055,-0.015524500476451486,3.9548418401282808,-4.161820284529469,0
-3.4724011196956437,1.2212670859141732,-2.20546485838144,3.747286208263856,1
-2.061105564731484,1.7360242489211353,-4.351061991136178,3.4752097749470865,1
-4.589949152431199,0.5939160524839737,0.22455491039734543,-2.0550535340077634,0
-3.872952449908756,0.23182782916631695,-3.165785784739288,5.200091994813278,0
-3.5820059878862853,-1.422690358169847,-5.014435294715555,1.157765018431208,0
-4.688769012766491,0.29726459185082055,-2.2550866373230036,-2.71967268894343,1
-2.5602925549731173,0.3083879139864072,-0.38768403163021237,1.894202048953077,0
-4.040302016814435,2.005030132570972,0.07190222514380729,4.013271326867339,0
-1.6139723443144467,-1.3296458989325874,2.7146046188700454,4.711254707092096,0
-0.9856953669259401,2.0684978841772055,-5.0301588856098585,1.3345077802937766,0
-3.75142771166475,0.5817124311254629,-5.517517761399989,0.6140281179224827,0
-5.073605186327815,-1.9439912492126843,3.653266043642641,4.042821852894591,1
-1.2481108745534502,0.09302059633407911,0.7914151466846686,-0.34053699214366784,0
-1.9778189706746026,-0.4694059486395683,6.019295089210137,-5.048117371737889,0
-1.942997613290523,1.7855997351188635,-3.204624375246928,3.085678008293365,1
-1.319348550977462,-0.19061114234268572,1.1302143913722498,-4.888976000941196,0
-5.090114963759814,0.13571639612344688,-2.6007250143118052,4.889631245636202,0
-5.072250128197179,0.974873601029584,-2.7807079789238562,2.624343158911521,1
-3.4770150202610415,-2.078713621933957,-2.1833972164352105,-3.332516345802378,1
-0.9097675715036102,2.131235544905461,-0.3235131772971451,0.8883764128702936,0
-4.669434549364005,0.10868566226617515,-2.9273133693421296,4.5175845835993576,0
-2.498881481653223,1.7772832843690276,3.641219130598979,-5.470414648366346,0
-4.205068503887597,-1.65173514118396,6.096178900832871,2.588598194853069,0
-4.659938049454989,1.0649606974169616,-3.9650663737513914,1.7023986397418627,0
-2.2949959880958732,-1.3268244314709607,3.3249361924204797,-0.6608560455802532,0
-1.0147821051367965,2.0542033567932383,-0.4900808417495295,1.7901251518799794,0
-2.9320254173423876,-0.9100608561790777,4.855167395648457,-5.054838482931338,0
-3.5296137988428624,-0.301511205715814,1.4394541138104717,-0.05608285984405992,0
-1.46117275399649,-1.5789175200296892,-3.572431878252458,-2.890064239908345,1
-4.372137977716427,-2.1447796228750415,-3.209383418377856,4.808085211735926,0
-3.4972637533618762,1.3817742497079228,-1.1341544785446285,-3.994796481723987,0
-3.2841066668764407,0.9291350099909033,-6.075810699747456,5.828012101639051,0
-3.8077325186738635,0.1425100375248367,4.635793893712724,5.109499105285711,0
-4.1294643108403655,2.1917540500226145,1.366626083622263,-2.922716159738902,1
-1.6634591679339352,1.5085543229046614,2.0009863007106476,3.528342527346596,1
-2.41205258724154,1.1454840641639543,-3.70193627815706,-0.5826059186099481,0
-4.327244317473672,-0.7490208163009453,4.70777881768212,5.225692641150956,0
-1.545084787799289,1.1997804429772718,-0.43332003555663867,-5.683732872240335,0
-3.064085142088489,-0.7166982800590571,-3.0434501336111546,-4.145546172504995,0
-3.6555250135655735,-1.0672861841801158,5.769803660279302,3.2761358344343607,1
-3.9479916549350857,-2.0014262687848325,-2.1166824948414025,1.8391235980120237,0
-3.663932811196134,-1.548094630699997,-2.489475650094945,-3.0748574055931104,1
-2.214659295393396,0.14922489826103202,-0.6116855856080861,1.6635247077162765,0
-3.4720563543225835,0.8505657741781705,-2.881129668348365,-2.853180132943696,1
-3.4022931751490937,-2.1693304673194755,-2.119486682489719,-0.5755116130194979,0
-3.861803279629723,2.2107227705548236,0.5242364600901483,-4.661299797338833,0
-1.484384718656028,-0.8530071216104862,-0.9194469918954091,5.037882733172501,0
-4.542119011288807,-0.33254142572393386,2.7803931015738295,3.278430956647596,1
-4.518779181254969,-1.1706455476351358,3.4779526102577902,-1.5506735160749328,0
-3.3053013055175486,0.9515853152938165,6.22995788408774,-5.480385318155073,0
-1.4812599926608367,1.0006094295567283,2.952610379929051,2.659167026217763,1
-2.0060050697927,0.4565984600155235,-6.269642812556352,1.2375178223834231,0
-0.8565369007972885,0.3578615203323521,-3.94209724845076,-2.1132286355121606,0
-1.4650854023803626,2.019637921302508,5.225289760695499,-2.359989468117576,0
-2.608171354725666,-0.21344749306235578,-4.489304693971451,2.699449244376157,1
-1.14307740564927,-0.35435181207464184,-5.071841039818197,-3.9116854123499514,0
-2.82791627796826,-2.102928919715225,6.111583912664584,2.1601257929837443,0
-1.97568838515428,0.6713790977570944,2.2358251203977604,-5.775319447786413,0
-4.605674147593277,2.1015650110737103,-6.225192913775175,0.09086127016390666,0
-3.997483828401706,-0.2703708806636449,-0.10659454645633026,-4.097362289453173,0
-4.810113872600235,-0.4189745741479247,2.8512569788746243,4.5727753525213926,0
-4.404291572542899,0.7127288710231907,-3.830429886380969,-5.942691441804065,0
-2.745997334556098,-0.021565589693727905,1.8573411599164844,-1.40604744588377,0
-4.5412580410070555,1.7075398448142898,-4.341945292843084,5.423340421585471,0
-3.5077316714914124,-0.679251127773826,5.233504373312052,1.8763712708732223,0
-2.5226742428955005,-0.4210363370376464,-6.234579965501142,-5.494106784972239,0
-4.358926826199069,0.5559087599005683,-1.8626179709206916,2.527961337293532,0
-2.3010755717065248,0.4590048940306346,-4.440761647564337,3.113644122981081,1
-2.164714170276401,0.9635633138832227,-2.755806926108668,-2.1276570399893178,0
-4.188384343803511,-1.3235339947416054,3.2646755537817738,2.4561335019827775,1
-2.2987713372921346,-1.7348651262628756,2.2253300784913455,-3.8328386577937184,1
-4.2816817728114405,2.170522271935353,-0.7617632230858131,-4.871733066786796,0
-4.260852197225489,-0.5468973080660449,-4.216977456086411,-4.61521829270898,0
-3.548985480855375,0.5674494667852779,-1.8186336956341433,-2.2346675849217874,1
-2.6816038791576973,-0.9180009230410131,5.2646483306023955,-2.512943182801632,0
-3.121099504666668,2.1640478707171433,-1.9400553831173806,3.7919498286437987,1
-1.7580193464919116,0.4568637352755873,5.920269342513985,0.6658433596857378,0
-1.4752550313398576,0.5007163672792463,-5.81138272741923,3.818254572904128,0
-3.193801251434488,1.8141845254946625,0.8203758303820887,-5.740232421874951,0
-1.3455240310918803,1.4545148191736246,-5.378479711156745,-0.28783919993295104,0
-2.709653913745945,-1.9580244026671592,-3.9089370428323624,3.308445849281198,1
-1.2228364983832742,-0.6178694677718122,5.773596112827035,1.1902170436473032,0
-5.006315016172725,-1.141048043927522,2.5637332628535363,4.016827518812245,0
-3.4308803585144005,0.7035112775792749,-2.2127328490594964,-4.9579646220840505,0
-2.0469016366936983,-1.8197609519658497,-2.8180237583928944,-5.096472902556981,0
-1.1398296283672456,1.8384989971131787,1.6136664753737726,-0.991550292773856,0
-2.659418529399604,-1.3717565895854684,-1.8495244094598347,2.7689669598707285,1
-1.579104524085928,-1.5608382058651054,-0.1635050462492602,5.85668890399086,0
-2.1809711462741785,-1.8490974596808367,-0.2609639821144416,-5.947422487609659,0
-3.159829328806669,0.7164964681123345,-3.0654051315778585,6.272576102869153,0
-2.8416205304733055,-0.19951435550027208,-5.50271840855876,-5.959700356659915,0
-4.559324532261915,-0.4553289440788475,5.443357761972329,5.4875461426848355,0
-3.3880754930506303,0.5322584803025019,-2.6138063168428625,-5.476504867352087,0
-1.4075650894996827,2.091717368492454,-5.205396028808982,-2.371037748394949,0
-4.894159162793505,-2.0364231302547577,2.6084722306057637,3.784942578659554,0
-1.9957827578850638,-0.6555548417939323,-1.1743323206850942,4.380577388359586,0
-3.921379773032657,-0.31484895368333277,5.5784693220554535,-2.826365824605817,1
-3.5634213871727045,0.708878639372224,-1.674404230606708,-1.867047977886843,0
-2.370486022763151,-0.041260651937913284,-2.608231867502179,0.2608788359671612,0
-2.7758861629383444,-0.9393876821152223,-4.300524993096712,-4.979911030025665,0
-3.7632132297769845,0.17344461354849994,3.711796525700028,1.125688152490774,0
-3.974307419743525,-1.624345268252836,-5.86718206145315,-4.82179269275645,0
-1.0530070857783187,0.3439426165343429,-0.056628753665349585,-1.8046524052688415,0
-2.090334372072221,-1.574946316838675,2.23496159141109,2.097044774356383,0
-3.0633051490857706,1.204458115262732,1.0694566398147698,1.211191796708973,0
-4.314143050031494,-1.7950117738119697,2.4372053656180084,1.8514799353234332,0
-1.2189421442634818,1.8911237727137356,4.932388348605014,-5.824000708127792,0
-2.820774187870676,1.4373859027643499,0.09104282371915229,-0.9503344527269757,0
-4.759522774454341,2.031546511932848,-0.566139144681121,5.705609556113324,0
-3.5840818091835294,-0.5244373532772673,5.305213049385119,0.7138151496170044,0
-4.590506563491523,1.2909076186822852,0.6151645156100196,5.583292603108981,0
-4.949400709248772,-1.208202356355316,-4.543115261234015,2.4948376227046944,1
-4.178890056076181,1.0640206996273918,3.0199936560132725,5.362245353749413,0
-3.4414977859207516,-0.7875152144780089,2.410981156528341,1.858420001251102,0
-2.8160375882038937,-1.0732302743515325,0.2942035289318481,5.114399009107854,0
-2.795968471323344,-2.138845942549728,0.19969013682993175,-3.118514339627131,1
-2.596266005168371,-1.2646149992395068,1.9951076248262334,-4.597246126483665,0
-4.691908960379645,0.43053471782921404,-2.5181231221504476,-3.365069413987465,1
-4.221309237509948,1.6797884464126946,-5.560274890970992,4.399563085551626,0
-4.647521875049469,-1.3250209057035383,1.9970910685872463,-1.2231803218046737,0
-1.9192423920461223,-1.373987439712051,-5.195322488259946,4.753610271773607,0
-2.552911998253389,1.906556294649795,0.7853531966950911,0.7234383045357147,0
-2.060329995884552,-1.6061239073373301,-5.326088524230594,0.7779780004307923,0
-4.71583086883307,-0.6180598582211059,-6.191007951625453,1.2087669839220379,0
-1.3622224916444252,1.4203735543691471,-5.772174941703874,-1.7036185994663224,0
-4.890403346673321,0.690840392739656,2.249172079102096,3.222229860327956,1
-3.090360555696306,-0.03729376478583646,2.41000852541688,0.7440823924839508,0
-3.320699214301019,0.4667104138745821,6.165275001972156,3.5454860792047063,1
-1.993851008242855,1.3675917525110015,-6.0232361317270495,3.6656019597758887,0
-3.050381929865182,0.3308057101425499,-6.195649750907883,-2.660216776920913,0
-1.0536958666038636,-2.183914836129456,1.5036153912556767,-2.4962222605549274,0
-1.7811450290342066,0.44417326868818074,-0.763495028818391,-0.6641030889374067,0
-3.5960796256195,-0.16234497108392842,0.6615548513435217,-0.8498670900394734,0
-3.0587316261638597,-0.9856599030878916,5.427304863280942,0.8075603452170954,0
-2.9622147316808234,1.8510682549399227,4.249344306676588,0.7910569603536972,0
-3.850117067520389,1.2942755005586641,2.215505835569121,3.091437459960127,1
-4.4137444553447995,-2.103600320755006,1.1086530458398949,-6.248877188435791,0
-1.8620616350674681,-1.7213847299152594,-4.658047673870567,3.9734448315523894,0
-3.686142828911877,0.020733522174662955,-1.3559466790150863,4.448783484089101,0
-2.9679553664615272,1.0378391684747026,-6.271932665529587,1.819606320353949,0
-2.836493223050682,1.0518501074690656,-0.04322125793218223,3.8928021098190557,0
-2.4589879944692776,0.3803520560097411,5.765961126284622,2.603275959093481,0
-4.843758542627239,0.8871234622414592,5.2615061184947285,3.2074665577898633,1
-1.4032376532483082,0.7728256169597123,0.5444938028423971,3.3331291212727505,1
-4.844612214454672,-0.6443775083825622,-4.90272190615227,-1.495389228509156,0
-4.2924205257325125,-1.1817843283431353,-4.916152959361294,-4.3516846267994405,0
-3.4710872607597096,-1.4374644988778973,-5.668046319985741,-6.072869787240717,0
-3.4357062708385104,-1.9980099056021292,2.576381881750227,3.7092626893485567,0
-2.942656203725055,1.4367353251028243,-4.340175277823552,-2.4670018959744993,0
-1.0801573958237736,-0.5040283444278386,4.846762011011154,-3.450887579505393,1
-2.7590409017610926,-0.8496939438374049,-0.25019425555654173,6.2504584678272765,0
-4.6188928092971455,-2.167608875698061,4.56784641513869,0.6681748121146089,0
-3.83001563961943,-1.2217845185917753,-2.6066056276295586,3.75678955240564,1
-3.8265823253867604,-0.7780327481253646,1.54100328511191,0.17985082392042262,0
-1.2180704703815897,-0.9035807089878545,5.080599761268256,-3.9633587312612737,0
-3.840896432431994,1.7073329381563038,4.530811025022762,-0.21467762541934654,0
-1.2513937249925426,2.117519727360858,3.290069122766041,-4.515946010633876,0
-4.7746253456753545,-0.6113159840626996,-2.2316643401186216,-1.4190650277602535,0
-1.2660500116154885,-2.0753141135223805,3.080731522261428,-5.354176411957653,0
-3.998820004242016,1.5440851509493605,-1.2346633796888264,2.794321458983428,1
-2.7434638194910463,-0.5312557298877856,-1.3759918294141844,-0.1982782606423905,0
-2.473972678883163,-0.2572616086690833,3.816767218279451,-2.159426449434579,0
-1.61193556680059,1.3860878135847061,-5.722369950802988,6.2508036189649685,0
-3.8259914686399368,0.911034191200125,5.668076141939117,-0.7747471537540322,0
-0.8612325854220062,2.152235765690284,0.0151867172431146,-3.5161930948138056,1
-1.288977816162605,2.1571460178020296,-4.481448973946393,-3.1842632852721597,1
-3.7268881340107796,1.76344705202761,1.9599579195684003,-2.1664482963868457,0
-2.262129977638917,-0.3638634150386477,1.288112975002818,2.4433318585569515,0
-3.849315369543687,0.8276110828703636,-2.253464175629179,5.831390067723597,0
-3.7385717343020635,1.0798013436356522,-0.6165042444439761,4.21404375013329,0
-3.325168422819675,-1.9552101100316708,4.837645730521044,2.1658410270428865,0
-4.888001124660729,1.505982813214032,-4.9437581413641585,5.8421849902409315,0
-1.3330567137490101,0.35088790584661256,1.118101510632333,-5.503641768939255,0
-2.987551652951744,1.9962443753411674,3.8250978393534156,0.4317932473909494,0
-4.964410084858069,1.8448494296099205,3.9668669429021675,-4.063660623145509,0
-2.1505011131732275,-1.0771563803255622,-1.8834571269953866,-1.3899648897688763,0
-3.750257172449863,0.8957865636499229,-2.5455411521019573,-3.639981323927141,0
-2.854730649409015,-2.0198182695641815,-2.2902504266865944,-5.238321040775746,0
-1.7298408193308652,1.2323564430398477,4.766103706208848,-5.56042822116809,0
-3.302377791007359,2.18300524950766,4.898584307448616,2.2539024661970215,0
-4.478983558705247,-0.20647189855160053,-3.627064309859159,-4.664928325387447,0
-2.4123660054976805,0.06238818876568741,-1.7592455961620468,1.3919563538525797,0
-1.1276603743273723,-0.4243851935388012,3.650860311056296,4.7516330200268575,0
-3.96985185999361,2.0600033827091555,-2.7862817143131133,-5.61011690015471,0
-0.8664650229237214,0.7611715275794655,-0.9330507017387211,-0.16270860315779068,0
-4.994602341005675,1.4887111143991199,-1.9089565357313534,5.680710998831999,0
-3.5088127333455805,-0.5700124936156228,-5.791280091075861,1.2594324142719877,0
-3.363271113827115,-1.2057415388771315,3.1644983838930907,-0.9597680254174836,0
-3.7475403522838167,1.470358923595549,-5.9687898879703445,-0.8788662852522533,0
-4.416647029706145,0.1354871661713335,0.9301371526196753,2.3148810951778076,0
-3.282369363123117,0.052542828711789724,-2.1191634746502377,2.136370267306046,0
-3.5131214078883137,0.7449548094550149,4.617029191599298,3.245155794077699,1
-3.2884477793884774,-1.1572102829849455,4.42337068929358,4.1745214623204125,0
-2.8051490334489007,1.4731389548634537,5.459621342014672,-0.311395325709765,0
-4.26360736531355,1.6172447323979764,4.409024559132438,-0.8621233879338677,0
-1.4616630566233697,-0.4614873476790857,5.801289433189498,-3.1535560173268204,1
-2.5501483217488827,-1.5273151345186564,5.4796578696266005,5.110694370777471,0
-3.677043393456036,-1.1344285526841846,-4.17882217124288,5.965531542442565,0
-1.962817878712027,-0.25296118350379126,3.7151852603547253,-0.7383332620810545,0
-2.94187918672273,-0.17566968828988516,4.477589771323992,0.13510147356134627,0
-1.7579226116033966,0.37655633250673937,-3.137851576768828,4.727518069431043,0
-3.8745563795586904,1.3890096493354682,-5.2141779489500255,0.1448310761688525,0
-1.265660878195145,1.552043017620838,-0.44459150485546317,-1.9616714303098997,0
-4.584662071206425,-2.075605816478723,5.373769646957343,-4.206612757777077,0
-3.6047008468759856,1.9645781637763151,-5.169818643156232,-3.156448817304416,1
-2.402527873389636,-2.1822266017684013,0.15766458151628449,-2.04744806703298,0
-0.9477950342047272,0.8567195718253018,5.5247934406985335,5.793432090359649,0
-4.721561301294694,2.011228536792325,3.672859260209843,-0.10922762928925867,0
-4.245101513002625,1.6621305633290477,3.2407448043678544,5.800622570336137,0
-1.857420263908085,-0.8969424856935257,5.438229134714848,-3.4390675440861003,1
-3.4880955912892047,2.0665314382046884,5.780438616808477,-4.673797252534907,0
-2.802261116586504,-1.142763403213417,-3.4972252477127155,-2.200880904350921,0
-4.345360672785172,-0.37638934836910853,0.782858449886862,1.9228112327805347,0
-4.063798351776609,1.6725509826389624,-1.0640654434407795,-2.8449566040110867,1
-4.267850826548575,1.355084347664619,-2.356409078742412,-4.041721882605353,0
-4.150343150321996,0.8331766645936693,2.0862103928087086,1.6275928308958036,0
-1.086380939413539,-2.0640076712712325,0.8510168275253616,-4.552292275485266,0
-2.1200860542755713,-1.0913009480541136,-0.868085688519689,-1.3783516204232251,0
-2.7450353572701585,0.7148840705530635,2.3340304221552257,4.2822625092726705,0
-2.3457316206479035,0.3555940849232395,0.4816106796226469,-5.8895826990991385,0
-0.9048519648797697,-1.2850296947561732,-2.879492403661581,-2.1623039920007727,0
-1.6833763303618565,-1.3783961488137004,-0.3025398207014449,1.5187770507376008,0
-4.713288450883039,0.8644965731365049,-2.63371573575166,-0.755442544568945,0
-3.989495539501386,0.9775748263864177,3.7055442356397057,-2.725776966781911,1
-1.3784653623222245,-1.0111045421758675,1.917008297214795,1.3580991881728846,0
-4.641373451529862,-0.9764661555243466,2.917928090872814,2.580443600306295,1
-4.183531842933367,0.9087326388852253,-0.9543452471484839,-2.792113993382092,1
-2.6298584210941662,-0.06249704283916735,1.3045388853856004,-3.518181063247626,1
-4.2604229509651,-1.128669678222562,2.590426042741581,-5.257082435615327,0
-2.4956614344178325,-2.0272783177369877,2.2094294972034936,-1.9630014329168066,0
-1.9294757175303894,-0.1480067390901878,0.8014020791026493,-3.0472120492756396,1
-2.59792701251331,0.869093046590868,-1.6249090354892513,-3.7216617755529406,0
-3.9870600232003848,-1.8302322434165983,6.267942619869747,-1.1013772706731322,0
-2.345717644201649,1.2359845767015942,-6.029052151673554,-1.022558263035057,0
-3.93592027654013,-2.0693160499173104,2.6738518203871893,-0.4568605184558523,0
-4.841899067717274,-0.6093963525009098,6.115366063877381,4.3883578894579935,0
-2.100046404499782,0.7138645108745849,-4.490726612109572,2.0512399089211124,0
-4.65805255479329,-1.5376873336216188,5.333216881749213,1.5082161875649733,0
-2.6178118846880674,-1.8720404912283313,-4.603292311246348,-3.864535654137342,1
-3.5727571601864976,0.557101587151855,2.573210757729812,0.381133421192299,0
-1.0452573874365827,-1.3701632333322489,3.930091167058758,4.788289188836665,0
-2.9362087002012687,-0.5985187998124857,0.1420027748634496,-0.3199020798000909,0
-3.3523460659900626,1.660954886350654,-1.30733675124878,-2.4503135032214534,0
-1.3418956431764326,-1.9740777333432287,2.015391985099339,-0.872890985023794,0
-2.331294824065354,-0.4566290301969864,-1.9342291074905393,5.312169353192595,0
-1.5086262190769597,-1.3428464449882438,0.4598855747299204,4.127816969963061,0
-5.075430197090076,0.8630637852069531,0.39473784248120136,1.0815338619644423,0
-4.798618756654086,-1.4450668938720677,-0.036541287709127346,-2.969816236776999,1
-4.184695899136666,-1.1878169187367584,-0.028924053805229555,-5.109179248896697,0
-4.38420917846086,-0.5961643713442417,-3.882482559052871,1.360257507560343,0
-2.5618082817184478,-1.0903109258854513,-3.645406102695531,-5.135389045444635,0
-3.8782316424578847,1.7977627775764433,-0.9366917692882781,5.765371383196276,0
-1.333890376739634,-1.9405601749496486,-5.414126766239113,1.1723519751671523,0
-3.5684293586751115,-1.0662471676190455,-4.9486086939495175,-1.3066506731849694,0
-4.493569063106563,-1.0526019587607356,2.4466667892844365,-2.8404645436354268,1
-4.41357577983008,1.3991061829684477,-0.025527461739960344,-4.293411632530171,0
-4.725305954752656,-2.0099987022422106,5.70035461777383,-4.45901938304389,0
-2.8686536186229015,-2.1369448599927567,-5.320895748384029,-3.739003747343247,0
-1.5368871815616831,2.036557238574749,-0.08183897849399457,1.9068029444831316,0
-3.405718410612791,1.7617733447203006,1.0204626070381009,-3.338125506789068,1
-1.836239547284666,-1.3065262135049749,-3.515153632272328,-0.4175832504581134,0
-2.2697314158231214,1.5898226423077952,6.024048314921056,-0.9660349880678858,0
-4.697091121183975,1.6193630027485573,-3.2943074453405257,-6.102570219132227,0
-4.521510080158196,-0.08155635162643682,-2.0138394546180303,-4.014757256270894,0
