x,y,z,L1,L2
65.84422824062383,-12.224312049589543,71.7195839822765,78.06854029021338,83.94389603186605
49.13500013205996,-81.1645304224701,95.12447032735119,130.29953055453007,176.2890007498213
17.997044448602708,57.21286105539076,-74.37727346489083,-39.21581660678805,-131.5901345202816
50.16726668729251,-25.840395153483755,85.35299776972036,76.00766184077627,111.19339292320412
52.41460420603522,64.552322654166,-11.317160234533773,-12.137718448130784,-75.86948288869978
41.78890380432358,10.916957403166961,-87.23654877916493,30.87194640115662,-98.1535061823319
-34.76747159928679,26.33287982441297,51.61754801707477,-61.10035142369976,25.284668192661798
48.46653097078928,94.13960487898066,78.62422426443953,-45.673073908191384,-15.51538061454113
-37.16902238433153,-61.072258429606485,-6.655799254593163,23.90323604527496,54.41645917501332
71.93606024839741,-69.14210158649044,36.60979064849093,141.07816183488785,105.75189223498137
57.9811963471175,93.501946486842,-34.83492837236962,-35.5207501397245,-128.3368748592116
-53.97936918853215,-6.088837744838415,-62.10572818314286,-47.89053144369373,-56.01689043830444
23.557187277710838,-4.859014754813245,-54.61813018982318,28.416202032524083,-49.75911543500993
27.10825859461565,-12.56961622553385,66.53563921156749,39.6778748201495,79.10525543710133
52.944843828351594,-37.52667172359179,66.45196027904021,90.47151555194338,103.978632002632
95.08086476524431,-22.504324193965104,-42.33437921395118,117.58518895920942,-19.830055019986077
83.73292301225902,-72.04950327813805,-60.018359504978335,155.78242629039707,12.031143773159712
-80.49105864540347,57.38487550042768,32.970171318406415,-137.87593414583114,-24.414704182021268
22.92124385048521,56.14580620439358,-8.216844892332006,-33.22456235390837,-64.36265109672559
-69.66725824411108,-72.04060037446851,-77.09398529280531,2.373342130357429,-5.053384918336803
19.555868126007624,-5.780758771373499,13.047221296237765,25.336626897381123,18.827980067611264
76.56186642891603,26.94366400011816,10.715880131599164,49.61820242879787,-16.227783868518998
-18.059784690201084,-39.20998038747756,-93.83643308641211,21.150195697276473,-54.62645269893456
-10.308347546228404,-57.08306543609416,-18.294271255072772,46.774717889865755,38.78879418102139
63.15272231908273,-53.212102826931854,-88.3394516621868,116.36482514601458,-35.12734883525495
81.36145072111006,-41.28124844666328,32.383302945379,122.64269916777334,73.66455139204228
21.761561841118834,56.779641821282695,32.862708065477506,-35.01807998016386,-23.91693375580519
-77.21854903619558,62.80407693320694,-66.60541601845921,-140.02262596940253,-129.40949295166615
52.19059590340075,-81.99042784487165,44.47187011929006,134.1810237482724,126.4622979641617
-9.277164309075616,-67.74564419327965,0.208955020672704,58.46847988420403,67.95459921395235
74.96463085481082,39.264075015547206,-10.768744885193854,35.700555839263615,-50.03281990074106
92.91624088726223,-39.697582170424695,26.05651862377769,132.61382305768694,65.75410079420239
-83.28759357030435,-82.4700161367798,-76.39881957589694,-0.8175774335245478,6.071196560882868
-66.01188172778654,81.71613814152141,39.941426762149916,-147.72801986930796,-41.774711379371496
91.87585446304621,93.83527546954477,55.75018079315893,-1.9594210064985589,-38.085094676385836
35.20379201787566,-10.12769957124226,-45.551687630968196,45.33149158911792,-35.423988059725936
-62.66157634374694,80.52047930876833,-8.844742033277782,-143.18205565251526,-89.36522134204611
-48.96269754129157,-38.8086751698695,15.843913788379197,-10.154022371422066,54.6525889582487
-9.740216331338942,71.32285681847509,51.70390596704203,-81.06307314981403,-19.618950851433056
34.66566148039101,-13.581392044979253,25.461768140488644,48.24705352537026,39.0431601854679
-67.56401301124308,29.969320310964008,-83.11113577202218,-97.53333332220708,-113.08045608298619
-9.164197659546147,-91.6771652276215,-1.2018361510962166,82.51296756807535,90.47532907652528
8.347714332645666,-71.09516222679062,-79.31940645548967,79.44287655943629,-8.22424422869905
88.78942517251932,-65.88140629262278,85.02402367535944,154.6708314651421,150.90542996798223
-80.33668177482711,-30.62603909303259,18.183098296283347,-49.710642681794525,48.809137389315936
52.2043145962993,91.71184264828906,-3.539312611419959,-39.507528051989766,-95.25115525970902
55.381410991366096,-83.45400001551229,-2.668333832367935,138.8354110068784,80.78566618314436
-65.39521573134061,87.56529099499656,14.345610475215082,-152.96050672633717,-73.21968051978148
65.40160292159987,-46.60486738162128,-33.68620053148956,112.00647030322116,12.918666850131721
42.343423984359276,-12.217707938990657,-95.67758402393392,54.56113192334993,-83.45987608494326
-99.83507663306293,79.23215436795334,-71.95018220027785,-179.06723100101627,-151.1823365682312
-75.24253377657246,-78.28485177291128,34.448018607962325,3.0423179963388236,112.7328703808736
-85.95332582265935,31.88452693838036,45.39892285737653,-117.83785276103971,13.514395918996172
-37.57945012926076,-78.45181080882068,83.20236902752157,40.87236067955992,161.65417983634225
-71.48574353457724,-92.51748876476404,10.97049387829668,21.0317452301868,103.48798264306072
38.12941462103072,65.95794862648262,61.650294412860376,-27.8285340054519,-4.307654213622243
-84.6722677098237,90.57987901394898,-41.816432371976276,-175.25214672377268,-132.39631138592526
34.39690753158828,-48.80698188647945,87.20871400979266,83.20388941806773,136.01569589627212
35.60231083435923,-91.0178761215342,-12.980587999392412,126.62018695589343,78.03728812214179
-27.064341924240736,78.3354532509828,49.72160389138983,-105.39979517522353,-28.61384935959296
87.40300017525274,78.68932793957265,3.771672077289807,8.713672235680093,-74.91765586228284
-65.24462244352185,54.4024864221976,32.33225263355223,-119.64710886571945,-22.070233788645368
45.40218119227109,-81.10666638769695,49.35792226980519,126.50884757996803,130.46458865750213
-42.33628643790625,87.36263010675586,-51.80588499886305,-129.6989165446621,-139.1685151056189
10.686273977396723,66.22253442498123,-69.34313667510119,-55.53626044758451,-135.56567110008243
-22.389290539550473,19.876558304168697,74.91240816749288,-42.26584884371917,55.03584986332419
-69.13925625546311,-37.93526541998104,55.48096764823552,-31.203990835482067,93.41623306821657
84.54781916503347,0.1482372404684611,-71.22049948974984,84.39958192456501,-71.3687367302183
85.64772962243302,-54.06879400022895,-73.63555644269579,139.71652362266195,-19.56676244246684
-87.48577683076812,-75.63349907429378,1.265986324126601,-11.852277756474336,76.89948539842038
-29.65952182994731,16.223321844180475,-60.04486966798848,-45.882843674127784,-76.26819151216895
18.042654868924927,43.08142592316034,47.79680078310835,-25.03877105423541,4.715374859948014
-29.03961617248021,-75.24923926993108,85.51251020130152,46.20962309745087,160.7617494712326
-33.87988917180442,-39.81026164381205,-2.2831909296933333,5.930372472007626,37.527070714118715
51.98527951881806,91.12465140939398,-42.710754623589,-39.139371890575916,-133.83540603298297
61.56678194125641,-95.02810172274874,11.039608465364935,156.59488366400515,106.06771018811368
29.618786056303293,-78.82051924984934,-71.93208058721747,108.43930530615263,6.88843866263187
-77.57536730552224,93.24638242863634,19.208510646874572,-170.82174973415857,-74.03787178176177
-67.14932254914667,60.87218312259415,-6.523679688941698,-128.02150567174084,-67.39586281153585
-43.027061911221985,-96.43264320460246,-78.17120064685301,53.40558129338047,18.261442557749447
79.65008903562875,59.36341766503236,-53.47185160671326,20.286671370596395,-112.83526927174562
-40.01501883442089,21.203164140002187,73.54779075520224,-61.21818297442308,52.344626615200056
-30.892601641996492,-17.48568614526394,-25.163191318563463,-13.406915496732552,-7.677505173299522
-5.48529781858565,30.38620511599484,73.49812635046499,-35.87150293458049,43.111921234470145
-45.81592132273751,-50.432087409728375,-52.66752740048377,4.616166086990866,-2.2354399907553955
60.800232052613524,63.31375268478209,-78.94438402917501,-2.5135206321685644,-142.2581367139571
13.063309400988672,18.886732751290353,-70.76535116146034,-5.823423350301681,-89.6520839127507
39.22327152260257,-37.93306521518511,-71.22561340577147,77.15633673778768,-33.29254819058636
-32.26087331584992,-66.89365545294436,-43.05598353241289,34.63278213709444,23.83767192053147
52.682258746515885,-76.90198726692901,-95.77039673271199,129.5842460134449,-18.868409465782975
91.9362438348254,-65.07170581282946,-89.32361347456492,157.00794964765487,-24.25190766173546
41.985275628516376,36.14290535990128,-21.273908633594345,5.842370268615099,-57.41681399349562
-3.3062697304605138,0.9052474044460155,75.00098844692172,-4.211517134906529,74.09574104247571
-78.94848124337659,-91.30498759744161,-63.70031808069518,12.356506354065019,27.604669516746426
-44.87298978332635,-50.122484833557635,14.246530348554543,5.249495050231289,64.36901518211218
27.74618257947617,-90.1491760144812,-25.27717230808568,117.89535859395737,64.87200370639552
-81.96560470210177,-79.66561941925681,66.69171075771195,-2.2999852828449576,146.35733017696876
44.091830571189945,84.96837380361242,-80.1773716840249,-40.87654323242248,-165.14574548763733
-2.603583539000965,80.53062878552342,95.91413611731855,-83.13421232452438,15.38350733179513
-0.6040879079744315,55.89550815426577,28.49665519910954,-56.4995960622402,-27.39885295515623
88.50185266396133,-73.08955831737059,7.213607189527465,161.59141098133193,80.30316550689805
99.88178507753426,71.5144288245115,-7.440126881296834,28.367356253022763,-78.95455570580833
-87.62290459488472,27.912654247422026,-46.70733649983079,-115.53555884230674,-74.61999074725281
-85.68709998760964,-4.424545195250843,-16.622126281023,-81.2625547923588,-12.197581085772157
9.210813349615961,-26.497637976974403,-26.721510034750523,35.708451326590364,-0.22387205777611996
-87.20549151834534,-24.10718405461421,37.14866909118908,-63.09830746373113,61.255853145803286
-82.88847179632137,89.7715853430681,83.26960390763557,-172.66005713938947,-6.501981435432526
-13.192876848736802,-34.32775899906224,7.086957966000625,21.13488215032544,41.414716965062865
20.86146075978425,30.517468112020396,60.878365589415495,-9.656007352236145,30.3608974773951
69.75441701209533,26.58352585352415,-42.368877163507655,43.17089115857118,-68.9524030170318
88.8291293320932,-59.51908137485633,38.95962576369965,148.34821070694954,98.47870713855598
-51.46519140899461,-73.57943253969121,22.875948108383966,22.1142411306966,96.45538064807518
4.933501888714332,45.14312565428537,-83.10135623529595,-40.20962376557104,-128.24448188958132
4.154121591833771,-72.51841399243958,91.77604918181606,76.67253558427335,164.29446317425564
-68.47969734230432,18.736400893270826,56.52482092590938,-87.21609823557515,37.788420032638555
34.37751715309838,89.20541256346607,-49.323329232162564,-54.82789541036769,-138.52874179562863
54.76995226380012,-80.99016048711975,23.233140004824264,135.76011275091986,104.22330049194402
-76.7801384196887,12.990122294488373,14.486102806769935,-89.77026071417707,1.4959805122815624
-0.9017317462635361,4.526355102624564,52.78467800131759,-5.4280868488881,48.258322898693024
-3.8781703014424664,-1.5693568849141712,19.918688304522462,-2.308813416528295,21.488045189436633
-36.387170578264104,-76.05328229977545,-76.5792868199779,39.66611172151134,-0.5260045202024486
19.28649357816836,31.57265700810555,-16.278339841924108,-12.28616342993719,-47.85099685002966
38.80900263722941,34.24628266171851,-33.27244833435236,4.562719975510902,-67.51873099607087
-11.791624064921308,52.50642941413045,-45.893011817964855,-64.29805347905176,-98.39944123209531
71.03278929684274,-37.11200395914742,-68.47767027500007,108.14479325599015,-31.365666315852643
-15.132714215397698,87.22549267514881,-12.419192560249343,-102.35820689054651,-99.64468523539816
-9.014954533138877,45.93714173547559,10.598613050579985,-54.95209626861447,-35.33852868489561
73.25515468319449,56.06029878187843,-4.126087175091925,17.19485590131606,-60.186385956970355
-59.4644424264565,97.3263089848644,43.55204720072868,-156.7907514113209,-53.77426178413572
88.90593317052517,-76.30428455659172,70.10673583815651,165.2102177271169,146.41102039474822
-72.34259970117859,-75.61566433297749,17.65159999384413,3.2730646317989027,93.26726432682162
-94.3312458857203,-97.53946282227943,-9.136407631650684,3.2082169365591255,88.40305519062875
-85.04369315453013,-40.92819493118203,-8.290383640289775,-44.115498223348105,32.63781129089225
29.59267517915768,-39.61452171150168,83.68837910311083,69.20719689065936,123.30290081461251
4.684769568978481,-77.8823178007779,99.40693156751462,82.56708736975638,177.28924936829253
62.50155381003316,-43.21831242719221,67.37931593218764,105.71986623722538,110.59762835937985
1.195100782226504,99.82094609484773,33.136947221307366,-98.62584531262122,-66.68399887354036
-73.20455615419847,-81.91185460317345,79.40667977932506,8.707298448974981,161.3185343824985
-40.097501945070825,-51.83438839177059,-71.395624966673,11.736886446699764,-19.56123657490241
57.357342404501736,-60.359154557420425,82.12764542617705,117.71649696192216,142.48679998359748
72.15353899092091,-92.76745790106075,-98.91403317425991,164.92099689198164,-6.146575273199161
-19.477393659310096,21.18503552954553,60.29636217188306,-40.662429188855626,39.11132664233753
-82.72806509968066,69.88176858461458,-88.55361196934793,-152.60983368429524,-158.4353805539625
64.32262740228072,85.55908603445607,54.42167982087611,-21.236458632175356,-31.137406213579965
96.92147532018595,67.5960437310766,-91.96974009058671,29.325431589109343,-159.56578382166333
12.388184720235557,-75.01526413887139,0.9061980385973101,87.40344885910694,75.9214621774687
-98.58292916601039,26.00236891527973,70.226219952387,-124.58529808129012,44.223851037107266
-62.4282903614638,46.92421838703231,-61.39170182621918,-109.35250874849612,-108.3159202132515
75.79377447729146,41.980939456260785,96.04095697973636,33.81283502103068,54.06001752347558
51.30939268038145,-89.09993700174088,23.261793985506557,140.40932968212235,112.36173098724744
38.37593193338981,76.82914227336343,41.915657020124144,-38.45321033997362,-34.91348525323929
-92.98184681543837,-81.65579883516038,-63.293354223936205,-11.326047980277991,18.362444611224177
87.51305175458941,-8.287871508302032,56.816189668281595,95.80092326289144,65.10406117658363
58.36945795821478,14.482629991727464,-70.97394906699006,43.88682796648732,-85.45657905871752
-98.65684316732298,-39.73147349705641,15.603443161508437,-58.92536967026656,55.33491665856485
58.60415772031794,29.846631049061784,88.11888193910369,28.75752667125616,58.2722508900419
-37.92748174242742,1.670547689388414,-19.19312185184681,-39.59802943181583,-20.863669541235225
-10.574889951232592,-76.15649476045107,-73.18107802544694,65.58160480921848,2.9754167350041314
10.53431291948283,-39.059079247833736,-14.419357263730006,49.593392167316566,24.63972198410373
81.8102039596568,26.925823483652607,-17.637820682885945,54.884380476004196,-44.56364416653855
-11.57028850710094,-56.474294660607605,17.66124968180165,44.904006153506664,74.13554434240925
12.596448413275425,-92.78803314452726,-16.319991168627922,105.38448155780269,76.46804197589934
35.278755343457334,-54.8814263591578,14.491586624423135,90.16018170261513,69.37301298358094
-0.32509059564050347,40.40043622207429,29.589696440241994,-40.725526817714794,-10.810739781832297
71.19250176273638,-36.757169635191374,57.48644439719078,107.94967139792776,94.24361403238215
63.27141451516542,-13.716360964021973,25.202496188211427,76.98777547918739,38.9188571522334
-21.591507627628758,2.547848921351644,47.341137696444065,-24.139356548980402,44.79328877509242
14.101830589118265,84.21143945903833,0.7265850366198379,-70.10960886992007,-83.4848544224185
43.63515842558735,59.974082152767295,-37.10986165115975,-16.338923727179946,-97.08394380392704
61.987294742341646,-1.1716706965153207,-76.82865513294632,63.15896543885697,-75.656984436431
91.81466761599717,68.39864220789264,-88.88641661862442,23.41602540810453,-157.28505882651706
94.25226325377366,-33.17399189969083,-65.40111096168124,127.4262551534645,-32.22711906199041
21.88587369939347,48.53851334501712,-97.06343128798585,-26.65263964562365,-145.60194463300297
53.07530447886546,71.30960471491164,-25.54768536169037,-18.23430023604618,-96.85729007660201
-78.06882016166034,20.168081589016168,-76.06548882702114,-98.23690175067651,-96.23357041603731
-13.534940826178385,91.68583618019449,99.09289451672743,-105.22077700637287,7.407058336532941
67.52345857109742,-37.80769801584676,37.5330098332185,105.33115658694419,75.34070784906527
-96.70174820447002,-22.431660967270048,28.177726917231894,-74.27008723719997,50.60938788450194
41.02518919984436,-58.18846827955171,5.017660593452234,99.21365747939606,63.20612887300394
18.43538897635615,-66.81862642469326,67.2608581100476,85.25401540104941,134.07948453474086
77.75909883628665,11.193885605689673,67.81394617634268,66.56521323059698,56.62006057065301
-54.95043916409861,-71.68082228624506,-10.350877349129789,16.73038312214645,61.32994493711527
-3.983984961091423,-83.990143270763,51.0660345589489,80.00615830967158,135.05617782971188
70.39300712031815,-6.134613161919745,-69.86540523735196,76.52762028223789,-63.73079207543222
-31.19256634816925,81.420724431243,-91.07018220514422,-112.61329077941225,-172.49090663638722
59.821489687987906,-41.58813393709433,-1.9604915196827193,101.40962362508223,39.62764241741161
24.538268871208757,-1.3420048298666813,-83.1769330886236,25.88027370107544,-81.83492825875692
0.7865928860468614,68.71767695250824,27.517740095691806,-67.93108406646138,-41.199936856816436
94.66973674918114,34.040651070271,52.58060380790582,60.629085678910144,18.53995273763482
-3.4184335257857725,-26.678323013477524,7.9054870523357295,23.25988948769175,34.58381006581325
52.38963571283503,68.8957746574373,-3.485498282541215,-16.50613894460227,-72.38127293997852
-10.85346732805344,70.40310337623382,0.95829658069961,-81.25657070428726,-69.4448067955342
64.0209489567396,17.42478810739611,70.05485976674436,46.59616084934349,52.630071659348246
-85.25758617766962,-0.23660829370295744,6.282208200915534,-85.02097788396667,6.518816494618491
-19.660244899503596,-20.289498659691873,83.46753451033521,0.6292537601882771,103.75703317002709
60.14259471090537,-64.4986835126065,-32.228872878079,124.64127822351188,32.2698106345275
55.8715089571611,-95.03537364028548,85.49209170080533,150.90688259744658,180.52746534109082
-34.385771487811766,-38.49298551584277,19.69543831154732,4.107214028031002,58.18842382739009
-91.12054061788197,-44.395578679837236,40.606693139778514,-46.724961938044736,85.00227181961574
76.56950069324077,96.3611895085071,24.071541931608806,-19.791688815266326,-72.28964757689829
-42.63288906396956,52.28651263680152,80.66557439281061,-94.91940170077108,28.379061756009094
-55.99033590467843,92.64224470987591,56.40103414763544,-148.63258061455434,-36.24121056224047
-71.36065245137569,-77.17918576327256,46.48270059875753,5.818533311896871,123.66188636203009
-54.84431268405794,10.620760482255037,30.820481896471364,-65.46507316631298,20.199721414216327
23.00487638067466,96.91561628632493,-42.35435090241894,-73.91073990565027,-139.26996718874386
38.90655825727629,49.99670758705372,-30.701427737390247,-11.090149329777432,-80.69813532444397
-35.88318751001877,-91.81060794285605,55.46862550583572,55.92742043283728,147.27923344869177
-44.49777611319696,97.10803389898524,-7.00530876126939,-141.6058100121822,-104.11334266025463
33.68871414115472,-17.68479956118803,58.73643011199451,51.37351370234275,76.42122967318254
34.48791444335805,11.092342027552775,60.411957397144846,23.395572415805276,49.31961536959207
-78.72226339751845,64.51661812348632,-92.60585455976515,-143.23888152100477,-157.1224726832515
-16.86331817071418,-90.26030553722974,-78.1435417770884,73.39698736651556,12.116763760141339
64.42545478082135,42.65163926233964,54.744136550325265,21.77381551848171,12.092497287985623
6.875688652722118,47.88629369530199,60.174318421326404,-41.01060504257987,12.288024726024418
63.16667106532114,-53.09296991174028,24.37955467504915,116.25964097706142,77.47252458678943
51.17554616517617,-99.09997501206817,2.9258684232699608,150.27552117724434,102.02584343533813
-50.58648254385621,-94.07854217427736,-19.728888489322415,43.49205963042115,74.34965368495494
-57.96148604979523,34.322561771171735,-52.46832732788054,-92.28404782096696,-86.79088909905227
-36.46895583895851,-30.393715318097136,70.66893422881188,-6.075240520861371,101.06264954690901
-16.589423320770422,18.06405017662979,-20.61198645043318,-34.65347349740021,-38.67603662706297
-57.46505864799387,77.31151243437384,-62.481263612101735,-134.7765710823677,-139.79277604647558
35.89016665918825,-31.614612290867925,43.527829528313504,67.50477895005618,75.14244181918143
-57.75580111240699,99.74867401335297,-40.72758859776702,-157.50447512575997,-140.47626261111998
15.16432101407004,-72.63574439407475,14.974385924606707,87.80006540814479,87.61013031868146
-40.74905292413891,40.1762020241317,19.04256808267435,-80.9252549482706,-21.133633941457347
75.66294617877162,83.05975205711096,-0.6166807739301134,-7.396805878339336,-83.67643283104107
-44.36754322154639,-26.9243073601733,-86.56666623044663,-17.44323586137309,-59.64235887027333
-65.79930335276993,-96.46624380001757,-9.344016699967312,30.66694044724764,87.12222710005025
-63.105683164178814,-31.341507524218443,-15.923645698944583,-31.76417563996037,15.41786182527386
90.45718151006369,50.392624314983095,8.17132738899025,40.064557195080596,-42.221296925992846
-92.21783584515701,79.39935975459903,-52.9805766238681,-171.61719559975603,-132.37993637846714
8.50881420950526,81.8129628845897,5.908411057014476,-73.30414867508443,-75.90455182757522
-40.11770103669512,18.148958832753223,30.687841801899026,-58.26665986944834,12.538882969145803
-13.994686070895753,-51.725587674667416,-35.50153056626695,37.73090160377166,16.224057108400466
14.81110115636426,74.86287305816148,-43.35061334997719,-60.051771901797224,-118.21348640813866
-69.37992483932459,58.394885028274814,56.7648218751427,-127.7748098675994,-1.630063153132113
-12.192977554380619,-4.748538282654863,98.94034978700498,-7.444439271725756,103.68888806965984
51.674455319708585,62.92768862357653,80.51079384384639,-11.253233303867944,17.583105220269857
70.43583900149011,-62.96413100928648,12.434146747514447,133.3999700107766,75.39827775680092
60.36036333117812,30.58442531279968,91.06988563756221,29.77593801837844,60.48546032476253
27.657404782508706,-13.405501426446563,-92.83144971636736,41.06290620895527,-79.4259482899208
-13.728079425698539,-79.39946317396824,-91.78418133903061,65.6713837482697,-12.384718165062367
92.37722027371811,-86.89391321632351,-8.976431517647526,179.27113349004162,77.91748169867599
51.383899529497256,-37.48601019428322,-89.80790348502279,88.86990972378047,-52.321893290739574
14.70517234168966,-23.099124402014382,-87.89430983469278,37.80429674370404,-64.7951854326784
94.99254048475422,-58.59589169503761,-39.5856862432723,153.58843217979182,19.01020545176531
59.1590009610625,-16.678073386170425,-99.6678584650399,75.83707434723293,-82.98978507886947
-62.20792315606265,72.5529127481756,-99.75338749761838,-134.76083590423826,-172.30630024579398
-81.97260359234666,-2.099598698558381,-33.381167797872436,-79.87300489378828,-31.281569099314055
75.27895015017586,56.11622750531686,68.24074124299128,19.162722644859002,12.12451373767442
-83.02831128901313,-35.50191180645403,-51.50342939433345,-47.5263994825591,-16.00151758787942
50.262428920628565,36.65167153176259,-54.34942490731589,13.610757388865977,-91.00109643907848
-47.66901687341119,86.0769235178301,-90.28614203060839,-133.74594039124128,-176.3630655484385
-66.98427958243754,42.31160831935557,-69.90919768850519,-109.29588790179311,-112.22080600786076
-82.3219529165005,-72.35892567229385,83.76463870613657,-9.963027244206657,156.12356437843042
58.00595383278318,-62.335605037729636,-93.7432974196711,120.34155887051281,-31.40769238194146
32.40992092631251,24.02985732565925,-51.672218252182844,8.380063600653259,-75.7020755778421
92.25210334967593,18.03907655322523,69.88706661795581,74.2130267964507,51.84799006473058
58.48502006703572,70.67389186847336,23.823817285394796,-12.188871801437642,-46.850074583078566
-84.34819846328597,54.58747762705681,71.09830835811715,-138.93567609034278,16.510830731060338
-83.00504937485232,83.75873618053618,-9.108513940268438,-166.7637855553885,-92.86725012080461
-54.762222039587584,96.92990672352872,-27.692784272160125,-151.6921287631163,-124.62269099568884
92.04520090459357,-36.320176434308074,59.84270444829821,128.36537733890165,96.16288088260629
39.62892823017131,-56.72886095491971,-17.19478124215273,96.35778918509102,39.53407971276698
-95.34178799906134,-84.37832138392723,-94.0330459800605,-10.96346661513411,-9.654724596133278
30.618013260836562,-96.19317043650268,-66.902448483645,126.81118369733925,29.29072195285768
-16.94371725224171,41.61824713671757,47.71607729147652,-58.56196438895928,6.097830154758952
-58.67403478952262,78.0038914235391,18.766109605689522,-136.6779262130617,-59.23778181784958
-95.97110570067954,-71.25626770889318,38.61908538594031,-24.714837991786368,109.87535309483349
25.91708329451916,1.4585403164086586,98.35489518574215,24.4585429781105,96.89635486933349
13.55122336823824,-96.68403962048862,98.61691638610131,110.23526298872686,195.30095600658993
-87.68098781716384,-74.61800489629738,79.46043995081874,-13.06298292086646,154.07844484711612
-14.43723812741166,7.24008262227504,24.358405972151303,-21.6773207496867,17.118323349876263
68.18889345975589,-89.89606072559897,18.913521778172864,158.08495418535486,108.80958250377184
7.668959866602648,32.72420933207039,67.24903536852025,-25.05524946546774,34.524826036449866
8.996587915699479,19.142754937145483,-53.74389206262955,-10.146167021446004,-72.88664699977502
87.12135729394828,-49.2670986876343,22.154026647083654,136.38845598158258,71.42112533471796
24.184347941681537,-20.766699988150222,35.524152719958806,44.95104792983176,56.29085270810903
-41.93814865846592,13.387559063877362,51.68444743695082,-55.32570772234328,38.29688837307346
-92.01161498270616,-16.145522419838983,2.9166103771061813,-75.86609256286718,19.062132796945164
36.51195868649995,59.20571126207568,4.046013409198764,-22.69375257557573,-55.15969785287692
21.625783251160584,-81.18560738212084,77.93128433507945,102.81139063328142,159.1168917172003
46.4638231030703,36.51631964184406,-70.12516872636985,9.947503461226233,-106.64148836821391
-43.33883216263488,-64.31164763563382,-60.091601420101924,20.97281547299894,4.2200462155318945
-26.651380214008057,82.51654882838625,-57.57051849533972,-109.1679290423943,-140.08706732372596
-56.02199145298768,46.69898091256596,75.67314676216031,-102.72097236555364,28.974165849594357
41.24882233664937,3.40389736988584,48.34328210394699,37.84492496676353,44.93938473406115
-94.35609356453433,56.59202600521698,13.986763728305277,-150.94811956975133,-42.6052622769117
89.85056282116574,80.79465817560799,73.11450786420565,9.055904645557746,-7.680150311402343
-48.52248486107706,-80.0275045678541,-59.12052658371416,31.505019706777034,20.906977984139935
-25.87434769887342,-95.3719810836107,95.84492674145594,69.49763338473728,191.21690782506664
-76.02417320866535,43.86250673816471,77.51421769760867,-119.88667994683006,33.65171095944396
-99.6140584253321,-36.17350228006679,21.748225779649346,-63.44055614526531,57.92172805971614
-16.28277488909326,-18.172004475040566,20.354951173541693,1.8892295859473052,38.52695564858226
42.577258286420204,-6.471948674680704,-60.65156384987374,49.04920696110091,-54.179615175193035
-92.13612339334591,-21.178603481376285,-73.77826139475603,-70.95751991196963,-52.599657913379744
85.78600342527182,36.912414678735445,-32.10444915821947,48.87358874653637,-69.01686383695491
32.66305587454002,-51.28065092827852,-80.21509897903553,83.94370680281854,-28.934448050757013
84.92383569664352,76.20721038357402,-44.377328625702425,8.7166253130695,-120.58453900927645
-19.986688716424794,-62.84677302578257,4.4024602733024665,42.860084309357774,67.24923329908503
-71.3299859580923,-48.11203202909316,-90.96537660211473,-23.217953928999137,-42.85334457302157
6.069003522170362,91.86646952712167,30.503840150532653,-85.7974660049513,-61.36262937658901
62.581069539152196,-77.86158519407678,-49.512741890082545,140.44265473322898,28.348843303994236
63.97702436394016,52.960710521446856,75.34215945292385,11.016313842493304,22.381448931476996
73.08637112442005,96.91372165015082,96.47333662090648,-23.827350525730765,-0.4403850292443394
-39.01773094301677,-85.63557189942313,-72.44129281443897,46.617840956406354,13.19427908498416
32.092229062091405,10.579650812892297,-80.60442225890414,21.51257824919911,-91.18407307179643
73.36841248277517,23.35123581546182,8.47288046044099,50.01717666731335,-14.87835535502083
-58.52933339470885,-49.34890511996053,-67.93759500354838,-9.180428274748323,-18.588689883587854
65.72956958539905,16.845572012243636,47.02588550392667,48.88399757315541,30.180313491683037
6.285634434414035,-25.749472582344566,-19.029007114693243,32.0351070167586,6.720465467651323
-92.7950186327467,54.47059753491362,-58.63729449719366,-147.2656161676603,-113.10789203210729
-31.462363924433717,-75.86893251126273,79.22441648472608,44.40656858682901,155.0933489959888
-81.35635746650792,-47.092037769737786,69.29570721359138,-34.26431969677013,116.38774498332917
-61.82297068555527,-17.286413738006033,-10.028140011174756,-44.536556947549236,7.258273726831277
76.34388465495411,42.04904026719731,70.26692988044076,34.2948443877568,28.217889613243443
75.14920327192937,-32.135570852687806,6.170078857562885,107.28477412461717,38.30564971025069
91.80527680248846,-51.040699689970914,-67.74918742961518,142.84597649245939,-16.708487739644262
-86.21220965348905,77.59776572111599,55.47174266553844,-163.80997537460505,-22.126023055577548
89.3832456847961,-1.8784168976256268,5.949133236499591,91.26166258242172,7.827550134125218
-36.892650819432134,-13.087383060461931,-73.64903342158651,-23.805267758970203,-60.56165036112458
-45.23032712795265,90.44994316913665,-3.5938480827298918,-135.6802702970893,-94.04379125186654
-0.4064882442668818,-67.284624457978,10.883310407986713,66.87813621371112,78.16793486596471
-71.33155557933969,-49.36307877467969,-93.98908424776424,-21.96847680466,-44.62600547308455
4.377430770126651,83.36968152583916,-35.69340170353365,-78.9922507557125,-119.06308322937281
-59.53827623158037,-6.997173602145395,-19.909750950944343,-52.541102629434974,-12.912577348798948
-1.3031684473566116,-62.5522110769317,97.7207797039153,61.24904262957509,160.272990780847
-11.796275219146295,48.32292654630305,-6.248140597209499,-60.11920176544935,-54.57106714351255
-25.584317696794926,84.13317165471358,-31.72258652365447,-109.7174893515085,-115.85575817836805
-6.649414816212001,-31.519264637874272,58.89140609917686,24.86984982166227,90.41067073705113
95.9243362248576,50.16771694897193,58.72707677247547,45.75661927588567,8.559359823503542
-35.2853125501333,84.75666321863605,-12.402079415925485,-120.04197576876935,-97.15874263456153
-80.95327794232492,-99.5382454826516,98.6736996822356,18.584967540326687,198.2119451648872
-63.92925567310339,-87.58737869196895,-8.347591692697208,23.65812301886556,79.23978699927174
70.37357114930887,-69.53465796848485,26.456562606042027,139.90822911779372,95.99122057452688
-63.17215657016351,84.37049003099901,-36.16870107838599,-147.54264660116252,-120.539191109385
-67.68427512569562,-7.780113969018473,31.990260225855764,-59.90416115667715,39.770374194874236
-65.52655468715054,-5.443205448200359,90.01221892488743,-60.08334923895018,95.4554243730878
13.029622539177439,-64.55289975014549,35.618812175965644,77.58252228932292,100.17171192611113
-9.445650977436443,-91.94925201201525,-10.073462315463885,82.50360103457881,81.87578969655137
-55.66057032463536,49.9237237845735,98.36154329952564,-105.58429410920886,48.43781951495214
80.4739840526284,31.999143760230254,-39.503943772414374,48.47484029239814,-71.50308753264463
30.39246920661708,-26.732902288692742,47.70214253732573,57.12537149530982,74.43504482601847
81.0372646733951,12.36378601259986,43.95650700430923,68.67347866079524,31.59272099170937
28.075001983533042,81.4172653819017,-16.139802414437952,-53.34226339836866,-97.55706779633965
-21.454917217514094,-31.527513339989184,-18.368666353797394,10.07259612247509,13.15884698619179
-24.231488605378246,-74.83859633754295,-81.65526418819866,50.60710773216471,-6.816667850655705
50.700112689121994,31.103547668610446,32.58194284201906,19.596565020511548,1.4783951734086145
-3.8880218402163536,-34.69063146564402,-60.43803054816061,30.802609625427664,-25.747399082516594
-46.98454228500562,72.12608027922602,-50.66392455477053,-119.11062256423163,-122.79000483399655
89.9206085801587,-74.12743930834512,-44.96949487965733,164.04804788850382,29.157944428687784
-10.28043839657306,-43.295846680154156,34.94730946985558,33.015408283581095,78.24315615000974
-41.39246511343628,-59.495518415162806,8.415806990143835,18.103053301726526,67.91132540530664
60.01561383830557,90.58449369711315,22.012096577434775,-30.568879858807577,-68.57239711967837
-67.68985470976125,25.095631382787246,-35.90176766439677,-92.7854860925485,-60.99739904718402
57.82840797378526,-20.06477296727263,37.08554415220283,77.89318094105789,57.15031711947546
82.01793482603978,-19.98771077304893,75.02152266450233,102.00564559908871,95.00923343755126
29.423757614713253,-11.211422720804734,87.18749988714518,40.63518033551799,98.39892260794991
-94.1856771662406,-35.556865235412346,8.909680408267917,-58.62881193082825,44.46654564368026
14.796841630497724,26.440500022972472,-33.17774660824888,-11.643658392474748,-59.61824663122135
-26.10579076374944,82.53436705110721,84.77489989970127,-108.64015781485665,2.240532848594057
-38.069593994563135,95.64088615291226,48.998305155937715,-133.71048014747538,-46.642580996974544
7.855196450716477,52.51801839252815,-3.878473811538697,-44.66282194181167,-56.396492204066845
-64.37317125165274,-51.95474477019937,28.963838871858087,-12.418426481453366,80.91858364205746
67.18421618336848,-48.43831805952912,17.19227481921095,115.62253424289759,65.63059287874006
-35.35854210144342,-56.22867824107356,63.21120335056622,20.87013613963014,119.43988159163979
37.350791708291524,-66.4600960644438,-98.49859344000002,103.81088777273533,-32.03849737555622
31.751797841355142,59.50216713615052,67.8347732468649,-27.750369294795377,8.33260611071438
81.48303731873469,54.86718023661024,-76.85916653811411,26.61585708212445,-131.72634677472433
45.574742604520395,99.72190300238316,-61.481835353818035,-54.14716039786276,-161.2037383562012
-35.675532356150825,-15.439933490641295,23.933705193972287,-20.23559886550953,39.37363868461358
0.06312288389406717,96.16422910660685,-86.07187268172108,-96.10110622271279,-182.23610178832791
17.901266080693574,58.14759477919878,-45.873569545827905,-40.24632869850521,-104.02116432502669
-3.29000351385136,32.690651445817366,-77.63103952386456,-35.980654959668726,-110.32169096968192
77.40780406611054,-64.72872399838482,-15.300921064069243,142.13652806449537,49.42780293431558
-69.48687906323741,0.15322981605565644,37.23258312303008,-69.64010887929307,37.079353306974426
59.68643816002691,98.40840110561098,99.88438184483758,-38.72196294558407,1.4759807392265998
25.363247226060565,-80.9601826078272,45.56865979374368,106.32342983388777,126.52884240157088
1.8600626449643727,-36.334722474195935,-7.758222832485245,38.19478511916031,28.57649964171069
71.19416003482496,-89.71616908861412,34.452886244688955,160.91032912343908,124.16905533330308
-21.90300204629581,57.492774926300456,66.42401505639722,-79.39577697259627,8.931240130096768
-23.400411566131282,-16.666800392023973,-35.6908635518201,-6.73361117410731,-19.02406315979613
-93.75180420187004,60.27788676854459,-1.748510721726774,-154.02969097041463,-62.026397490271364
-16.864361377553166,-71.21826078428835,75.81375593179203,54.35389940673518,147.03201671608036
-12.394643745853699,-69.29489558907721,6.76800265479207,56.900251843223515,76.06289824386928
-98.73507055205293,-89.43857971997792,-99.89625116685889,-9.296490832075008,-10.457671446880966
-9.815050536801095,54.924776258445974,-93.03232994401687,-64.73982679524707,-147.95710620246285
-43.95397824057243,64.6254634832373,-66.39983028442578,-108.57944172380974,-131.02529376766307
27.751111153687475,72.16019472410721,64.62492199001895,-44.40908357041974,-7.535272734088267
-19.16909287734478,63.839975858796066,-81.44878451510104,-83.00906873614085,-145.2887603738971
92.402872763772,47.55951122127456,-48.50960813520733,44.84336154249743,-96.06911935648189
-40.98798193720561,0.8357208781627747,50.0531975896466,-41.823702815368385,49.217476711483826
22.35207088969989,-26.419131955636473,-56.162156704273535,48.77120284533636,-29.743024748637062
79.76337846738357,50.298162114279194,-76.2179303932079,29.46521635310438,-126.51609250748709
39.8847420644625,-64.74172699557397,-64.93069770921562,104.62646906003647,-0.18897071364165186
61.36688943809102,-20.298675305157516,98.07769147209649,81.66556474324854,118.376366777254
-86.07779964027888,30.707965138728667,-10.254098559749877,-116.78576477900755,-40.962063698478545
44.73566731493881,75.01683981081646,95.11912916567994,-30.281172495877655,20.102289354863473
-44.04084226573674,-61.53986419297339,-55.84041575821319,17.499021927236647,5.6994484347602
76.9220005300561,-42.18328367236166,46.94502615611597,119.10528420241775,89.12830982847763
-58.98988029536334,10.181753698080584,65.70938496775716,-69.17163399344392,55.527631269676576
22.885498967633183,-94.68444700054167,-90.10817257079687,117.56994596817485,4.5762744297447995
-61.987822678373774,-2.761584875544898,-47.96306893140172,-59.22623780282888,-45.201484055856824
-59.50293095109078,51.58206374657212,65.32229693158601,-111.08499469766289,13.740233185013892
-10.129211793373585,-22.9261038285794,-45.860647700978596,12.796892035205815,-22.934543872399196
-62.895162073618536,-37.0500762871238,12.819027409444587,-25.845085786494735,49.86910369656839
95.17891845626468,-86.78415781612104,-99.78650699545055,181.9630762723857,-13.002349179329514
-97.18107090762884,78.90229954375621,29.258152645711846,-176.08337045138506,-49.64414689804437
-56.31773337609081,78.05279236472376,-6.008811942532006,-134.37052574081457,-84.06160430725576
-64.7084693942201,87.10838876853103,-88.10266156333199,-151.81685816275115,-175.21105033186302
95.24017287161783,17.154265030944487,-60.902698083599184,78.08590784067334,-78.05696311454366
54.59940523828547,-57.18154213265596,-80.16860588023712,111.78094737094143,-22.98706374758116
-23.138668179208494,-15.453193145587548,-64.77234016538402,-7.685475033620946,-49.319147019796475
31.0613700014581,72.05637724378818,-35.92055928053843,-40.995007242330075,-107.9769365243266
-4.743091383263788,-88.94591809975446,-28.526075299589166,84.20282671649068,60.4198428001653
-47.33152825287472,22.0970134683577,-58.92194046551866,-69.42854172123242,-81.01895393387636
-60.84567955805507,85.93332418391103,-80.03378856464195,-146.7790037419661,-165.96711274855298
-70.0334334615388,-76.93471237780241,23.91385126206241,6.901278916263607,100.84856363986482
69.23630586899756,70.47646358605326,50.85430298757848,-1.2401577170556948,-19.62216059847478
-6.966372832631379,5.212105377204182,99.33544230383069,-12.17847820983556,94.12333692662651
91.83410781340967,-19.747007162777336,-35.21266621247277,111.58111497618701,-15.465659049695432
63.389612851229344,15.37219169951858,61.23819308894505,48.017421151710764,45.86600138942647
-15.416771391425058,95.72682878008777,-0.2720906247369612,-111.14360017151283,-95.99891940482473
51.38726718851183,94.17694570914756,-23.853527756570998,-42.78967852063573,-118.03047346571856
61.38459556398317,16.95054056098732,-74.3894778904426,44.43405500299585,-91.34001845142993
-91.5867115893878,-61.358335510973895,-79.34330417859007,-30.22837607841391,-17.98496866761618
-42.179343761097954,17.866233225495208,-28.26544169441776,-60.04557698659316,-46.13167491991297
-28.927113535952458,-13.696199262529078,26.62983642894187,-15.23091427342338,40.32603569147095
79.32138242948679,86.5559239313965,-21.701604093867317,-7.2345415019097175,-108.25752802526382
-56.722138263405064,-9.790699962948992,13.586846085698511,-46.93143830045607,23.377546048647503
-83.13102111233775,31.750681963340185,10.879804675952727,-114.88170307567793,-20.870877287387458
17.978549458190372,-30.853838847473483,-24.281442488053813,48.832388305663855,6.57239635941967
-11.032848143627632,-66.78747351720537,44.62276042907723,55.75462537357774,111.4102339462826
37.612346620254044,-57.09220548797127,12.534482114971453,94.70455210822531,69.62668760294272
99.46214850932682,-48.515527530925716,65.3579763847489,147.97767604025253,113.8735039156746
-74.87499088966905,19.47890581476814,33.78953179831592,-94.35389670443719,14.31062598354778
87.99651874099851,89.10397820438129,-21.503053147011244,-1.1074594633827815,-110.60703135139254
59.607900254403745,15.79550495004851,-99.07624023133448,43.812395304355235,-114.87174518138299
-99.38777902718141,36.08376113398438,12.533602766386622,-135.4715401611658,-23.55015836759776
57.571990406774006,48.69199224447706,70.42906741383635,8.879998162296943,21.737075169359287
64.84778922002525,-6.8485119285490015,-98.9053782330745,71.69630114857425,-92.0568663045255
-88.2169321328393,-33.856786650778915,75.75272395650791,-54.36014548206039,109.60951060728682
-88.23978843530047,13.015582126141112,-45.9316423601345,-101.25537056144158,-58.94722448627561
84.07247225896097,54.981580676265594,-0.6819042307436831,29.090891582695377,-55.66348490700928
-86.47599847414101,93.08319069634709,92.71598244443072,-179.55918917048808,-0.36720825191636663
-85.93777228710893,-62.478141446993284,18.854538860315984,-23.459630840115643,81.33268030730926
2.25404788720671,-25.10721271021245,-79.778766812883,27.36126059741916,-54.671554102670555
-75.07794918409188,-3.6472897275656777,12.878536071835711,-71.4306594565262,16.52582579940139
46.04274702897476,21.44228609881442,-15.004122866779724,24.600460930160338,-36.446408965594145
75.43507327578328,-16.47614146919088,-76.32018336426626,91.91121474497416,-59.84404189507538
-63.419363202663526,67.54337163740823,-43.12057308531823,-130.96273484007176,-110.66394472272646
-89.60949924838881,74.86685126696264,-95.20592889440891,-164.47635051535144,-170.07278016137155
90.44014508178239,-7.264857063699793,38.02535391569194,97.70500214548218,45.29021097939173
48.33807300902379,33.66614815903074,-24.653198425024712,14.671924849993047,-58.31934658405545
31.893455001095617,-91.98099802544482,-7.65456056309813,123.87445302654044,84.32643746234669
-76.3738299441852,-57.13471942900268,-72.07526916417586,-19.239110515182524,-14.940549735173185
-70.67537142712945,-31.17178438733039,-80.63797013900572,-39.50358703979906,-49.466185751675326
-76.23449154759481,-19.00118770083654,61.79392050134979,-57.233303846758275,80.79510820218633
18.107481717144665,-83.85294399945218,30.333893586998812,101.96042571659684,114.18683758645099
-60.951675394065916,26.84688679334566,-14.194775728517456,-87.79856218741158,-41.04166252186312
4.399477409147195,-92.82022279852822,6.920150257855056,97.21970020767542,99.74037305638328
-5.6794441669703986,91.74150519438683,-91.92015423156737,-97.42094936135723,-183.6616594259542
-39.35027637043085,-39.64702666061384,80.59783068122735,0.2967502901829917,120.2448573418412
16.39974509119766,87.17482040221611,67.49514875755537,-70.77507531101845,-19.679671644660743
3.7860870484282145,-88.03513253654016,66.94153286538719,91.82121958496838,154.97666540192733
-12.180487739524807,6.9796305951741004,83.14897157574191,-19.160118334698907,76.16934098056781
-68.59773516964162,-20.553339705435178,-10.996789029201565,-48.044395464206445,9.556550676233613
49.32019281102433,93.75046427231976,-37.86916298378345,-44.43027146129543,-131.6196272561032
-6.332451441637261,-42.79053963192094,92.87463897829576,36.45808819028368,135.6651786102167
-24.878805574259545,73.46060810023627,41.56877888028956,-98.33941367449582,-31.891829219946715
-25.743902498274608,95.17950807357926,68.43093110337438,-120.92341057185386,-26.74857697020488
-69.86944851341741,-74.61294864181605,59.157713033394,4.743500128398637,133.77066167521005
6.943343484541998,8.69911901597213,79.78431526410273,-1.7557755314301318,71.0851962481306
2.1321263479794084,40.9676646086362,-3.412322105643213,-38.83553826065679,-44.37998671427941
22.71878754322219,-22.73170855536364,-27.680194085467463,45.45049609858583,-4.948485530103824
-24.14680988274543,-82.04935294976094,-84.51278294791236,57.902543067015515,-2.463429998151412
-52.62787937454239,-10.785421415954772,86.1368977089241,-41.842457958587616,96.92231912487887
80.39093803635885,-92.96480356311605,-68.49533173650411,173.3557415994749,24.469471826611937
15.166723716360764,95.14720487793213,-56.259154769673025,-79.98048116157136,-151.40635964760514
-52.741979696606876,87.23538632803923,95.43854598287146,-139.9773660246461,8.203159654832234
-91.82600204566513,-90.17647124999198,-69.2796334924483,-1.649530795673158,20.89683775754368
82.3975295142962,-60.97515178153272,13.713942940747074,143.37268129582893,74.6890947222798
-23.730219682472182,7.443776738867996,25.197911339816145,-31.173996421340178,17.75413460094815
-95.94824799645079,60.11672413477004,23.55778170111664,-156.06497213122083,-36.5589424336534
30.680962400728475,89.76862140115682,-30.41984484868155,-59.087659000428346,-120.18846624983837
-33.145317657123655,-54.81420841664351,-12.431686864832557,21.668890759519854,42.38252155181095
-91.0117192981586,-24.338035525316954,54.15464273307401,-66.67368377284164,78.49267825839097
-17.049155167605036,-63.43824591380469,-35.85317620930968,46.389090746199656,27.585069704495012
-65.01660944585623,34.57067893697868,-13.048050638190773,-99.58728838283491,-47.61872957516945
31.705496570152803,44.38135590253526,-66.22539167745705,-12.675859332382458,-110.60674757999232
81.12347941349756,-62.41928419270466,-78.53752743349591,143.54276360620221,-16.11824324079125
-91.90020961332645,3.909919621938812,1.6385829556489568,-95.81012923526526,-2.271336666289855
7.26395544452572,98.96297856592167,-2.743877465883628,-91.69902312139595,-101.7068560318053
94.02730224764807,-15.64678745708774,-86.63484905970742,109.6740897047358,-70.98806160261968
58.08265366911451,-54.40644555536351,27.521796045809978,112.48909922447803,81.92824160117348
-43.959818938000495,96.27742025060033,-6.198984197465563,-140.23723918860082,-102.47640444806589
-42.32265931716606,-4.8877653534130445,-87.93383628515565,-37.43489396375301,-83.0460709317426
70.08623689727324,29.63674593342688,56.351409514789026,40.44949096384636,26.714663581362146
-45.72237343499259,27.58734884932899,71.2458007593215,-73.30972228432158,43.65845190999251
-1.2180513691201895,-30.46527303281934,32.50591887323998,29.24722166369915,62.97119190605932
-96.22968419240934,92.11739250132501,-25.817535691666166,-188.34707669373435,-117.93492819299118
-7.920882581395318,62.424592237411844,1.1524629485482478,-70.34547481880716,-61.272129288863596
-17.668860974052777,-8.058107109281593,-56.900971637459904,-9.610753864771183,-48.84286452817831
-35.71986397150464,-73.76896616305801,-60.28326729373838,38.049102191553374,13.485698869319627
75.48541584327774,49.45396003841395,78.93757737356299,26.031455804863782,29.483617335149034
-39.936066175396846,-77.85514827988914,91.20933190452581,37.91908210449229,169.06448018441495
52.63741647904877,-60.4666035490721,-41.734109288306854,113.10402002812086,18.732494260765243
-17.240038023170484,76.5651132068156,52.1092045459734,-93.80515122998608,-24.455908660842198
46.66896967267016,-64.96388642879927,-28.463473694805145,111.63285610146943,36.500412733994125
36.277907060772264,-70.51480930288284,-45.3140595746655,106.7927163636551,25.20074972821734
54.12186652768639,-74.54476033419215,10.04793838165152,128.66662686187854,84.59269871584367
-3.7039144962403014,-86.01367370462776,-3.7753796473700447,82.30975920838746,82.23829405725772
33.24343306107596,49.59802579048937,63.014619243750815,-16.35459272941341,13.416593453261441
-26.778867556710125,64.11141652797215,-51.8493857571461,-90.89028408468228,-115.96080228511826
97.93169933434876,-64.72888471643974,-6.503092114285636,162.6605840507885,58.2257926021541
-45.02458467499621,-51.81457671713756,50.356141846156305,6.78999204214135,102.17071856329386
45.14167914754864,-45.439133970832856,-73.82193382990098,90.5808131183815,-28.38279985906813
36.65532290358826,-39.4070742325396,-26.145431731806283,76.06239713612786,13.261642500733316
-49.924680202035375,52.631097963980096,86.00066947094348,-102.55577816601547,33.36957150696338
44.82144776350759,28.599684668166503,73.4344553213412,16.22176309534109,44.8347706531747
98.02912281115263,22.70329694596643,77.95589330797375,75.3258258651862,55.252596362007324
62.70530991610789,58.290297561524454,-7.813721785377965,4.415012354583439,-66.10401934690242
51.00527550011569,-96.83888891197323,-4.559873343415077,147.8441644120889,92.27901556855815
15.175451707176578,-18.527522427405543,13.633470258272908,33.70297413458212,32.16099268567845
-67.45005614002872,67.3226082065386,-78.26857934754752,-134.77266434656732,-145.5911875540861
-61.8714486788015,58.60099579192607,69.56737344473092,-120.47244447072757,10.966377652804852
-2.154186562001996,74.58240327741683,77.97980141446621,-76.73658983941883,3.397398137049379
58.120297811120054,-19.66767319812473,-46.38297903588979,77.78797100924479,-26.715305837765058
34.40314445991737,87.76107084140767,-31.071822697676453,-53.3579263814903,-118.83289353908413
82.54738023622522,-40.740073909302986,-66.0400052454585,123.28745414552822,-25.299931336155517
-52.90959659722383,-88.41093109237401,89.85870460185149,35.50133449515018,178.26963569422549
-59.45564908746335,66.82417840042163,36.26589453793824,-126.27982748788497,-30.558283862483393
-13.077927852558787,-64.90755068418244,62.39764030210898,51.82962283162365,127.30519098629142
-20.524770346814876,82.65703674039514,-71.98891906210187,-103.18180708721002,-154.645955802497
97.31801518441821,62.89477520618678,-52.948722316871,34.423239978231436,-115.84349752305778
-35.63416606068219,92.90377722784032,-47.080478930768344,-128.5379432885225,-139.98425615860867
-78.72387013780649,-13.496881351526781,-49.39305001406329,-65.2269887862797,-35.89616866253651
-39.27097309237333,54.36986864583105,-24.336397155242878,-93.64084173820439,-78.70626580107393
-35.37435877090583,-57.385013120199524,-99.13884486646427,22.010654349293695,-41.753831746264744
9.863616455167843,98.8155544904757,-92.27113803462308,-88.95193803530786,-191.08669252509878
-56.928566504119104,3.782928497416833,61.98814728897412,-60.71149500153594,58.205218791557286
79.92013147666736,-20.95306924822114,49.41516012597725,100.8732007248885,70.36822937419839
69.89236372883224,-62.23271590487221,-60.90083452068254,132.12507963370444,1.3318813841896713
-46.995738838876065,-4.116585038821768,72.36288356320279,-42.8791538000543,76.47946860202455
-34.807279444133684,38.080390903100295,96.5974343071814,-72.88767034723398,58.51704340408111
-89.39352566562312,-19.329119350174338,84.66939354516245,-70.06440631544878,103.99851289533679
-64.83005014379881,45.96304926057334,50.91462764362694,-110.79309940437216,4.951578383053601
-99.81477865371902,-6.353718861283198,-59.887505735689196,-93.46105979243582,-53.533786874406
-45.41203764501998,-7.234377907424758,-42.11405849838701,-38.17765973759522,-34.87968059096225
-56.98483836873316,81.52097827809649,60.544121057673124,-138.50581664682966,-20.97685722042337
68.8827093318487,-45.17312126227833,-49.054329976506516,114.05583059412703,-3.881208714228187
-75.11023033032957,88.75967362074223,-19.59044036858613,-163.86990395107182,-108.35011398932836
76.41699981910045,69.3342101016487,-20.16093946844191,7.08278971745176,-89.4951495700906
-68.86496057497742,-67.61168595007376,27.850068071234006,-1.2532746249036535,95.46175402130777
-9.046141504881277,-57.81312230225741,83.47911785322844,48.766980797376135,141.29224015548584
-18.29666597282906,69.67615081221618,-54.46777064015718,-87.97281678504524,-124.14392145237335
74.97944009451786,73.48470789651674,-38.839954252286525,1.4947321980011168,-112.32466214880327
-38.70392453628402,51.993376740146005,-74.34134829777597,-90.69730127643003,-126.33472503792197
32.02352677640613,87.70229179221317,45.67499314928182,-55.678765015807045,-42.027298642931356
-73.52294174912993,75.33562775034056,5.491526014511791,-148.8585694994705,-69.84410173582877
88.82302309930563,64.10118877172081,49.870572339801186,24.721834327584816,-14.230616431919628
47.43034934343956,-76.43121981883378,-52.33229412758797,123.86156916227334,24.09892569124581
-42.89820166191676,1.055384458619173,16.528869862907513,-43.95358612053593,15.47348540428834
45.718728507579755,57.378276290005545,82.63075006944155,-11.65954778242579,25.252473779436002
45.40314825367423,47.30464354037761,35.59437050900894,-1.9014952867033799,-11.710273031368672
33.717089164196835,-62.293953225167954,59.046451716541895,96.01104238936479,121.34040494170985
4.982075990982722,44.36726644672268,83.5719993251468,-39.38519045573996,39.204732878424124
-11.12676747235352,-29.589865152152356,27.64471058526739,18.463097679798835,57.234575737419746
-73.22218612496367,97.32574937264602,-81.23843519845502,-170.54793549760967,-178.56418457110104
-14.42114736415057,75.10780890544723,-43.18973789469691,-89.5289562695978,-118.29754680014415
58.71554987832127,-23.44336744394886,95.99570797803165,82.15891732227013,119.4390754219805
80.23628384972255,-39.73592846747693,54.03862270757102,119.97221231719948,93.77455117504795
-31.046761206809137,21.272568043107015,31.69615367865839,-52.31932924991615,10.423585635551376
-70.27603274461924,-95.10983182359702,-55.968421769540065,24.833799078977776,39.141410054056955
-46.53345710848551,12.704647393907464,-0.8789843597713798,-59.23810450239297,-13.583631753678844
-32.67859328689664,-30.34482330770875,73.02004638212966,-2.333769979187892,103.36486968983841
21.035370000615643,-20.712752927037585,89.02965753415452,41.74812292765323,109.74241046119211
83.22633758200539,49.941150208927354,-48.477476763592705,33.28518737307803,-98.41862697252006
81.8602631280541,49.21359579187302,77.14103417167257,32.64666733618108,27.927438379799554
-90.09301158662484,6.258550963720992,55.85398871496014,-96.35156255034583,49.595437751239146
-58.11343269474796,-53.85073894655661,-94.563573300483,-4.262693748191346,-40.71283435392639
-42.81501023261147,42.00337601092468,27.112070802036968,-84.81838624353615,-14.891305208887715
-11.364402550942444,6.322583739087875,-4.773235781917933,-17.68698629003032,-11.095819521005808
-77.83912099347214,28.087842420728265,-59.69300492152336,-105.9269634142004,-87.78084734225163
-27.17832755160498,62.35047424385303,-30.087277709593224,-89.52880179545801,-92.43775195344625
8.97833077293744,-71.79454000999708,94.4692495867196,80.77287078293452,166.26378959671666
-86.95686602009273,84.37950129984009,-33.56739045930968,-171.33636731993283,-117.94689175914976
0.7512675534276241,-57.64556730673793,-81.99972179098202,58.396834860165555,-24.35415448424409
-12.318581893970233,-85.73909316303093,97.96461384097469,73.4205112690607,183.70370700400562
13.92901819595231,-73.49158380971727,65.45091911814728,87.42060200566958,138.94250292786455
28.817371467328087,54.88344091386648,26.182401554530998,-26.066069446538393,-28.701039359335482
-10.683769964762462,27.69350555294811,4.42501858063018,-38.37727551771057,-23.26848697231793
-13.878019503833187,-10.521449641578101,-30.78723541905306,-3.3565698622550855,-20.26578577747496
31.098273711793667,-66.05717898028786,59.314345960538276,97.15545269208152,125.37152494082613
83.26040678299623,-69.2936907325905,-50.72955164335464,152.55409751558673,18.564139089235866
73.60345888650443,-33.95974088045372,37.209973901180035,107.56319976695815,71.16971478163376
-72.63364319921052,-84.45106661499157,53.00488103560858,11.81742341578105,137.45594765060014
-96.63481214943505,-56.67552716319146,37.78029049059444,-39.95928498624359,94.4558176537859
-36.83370298230386,-40.99615825752092,13.766761076863816,4.162455275217056,54.76291933438473
-4.1573470716101895,10.857117145285585,24.372406130868114,-15.014464216895774,13.51528898558253
-12.62959849244514,24.70927392854918,-72.98404155649519,-37.33887242099432,-97.69331548504437
-7.473936103453795,34.95007127604467,36.51762444337663,-42.42400737949846,1.5675531673319654
-18.27984647454994,-10.632231517169473,-18.192973590854052,-7.647614957380469,-7.56074207368458
15.803221958035564,-55.52641442063786,-11.807473640392658,71.32963637867343,43.718940780245205
1.5417687066247936,-52.58758460306736,65.94998202498229,54.129353309692156,118.53756662804966
-96.81673939205781,52.0843370369235,-5.488803332628578,-148.9010764289813,-57.57314036955208
8.1143703777324,23.943877875928038,85.59412163316483,-15.829507498195639,61.650243757236794
-45.07037147649442,5.731507621658196,20.399392705505903,-50.80187909815262,14.667885083847708
-17.743849475834736,-85.62993290275314,3.1374877043944167,67.8860834269184,88.76742060714756
-17.202524748925256,84.33699684751409,-1.298683912731775,-101.53952159643934,-85.63568076024586
18.722638263593083,92.4399977069404,-9.884707279823687,-73.71735944334732,-102.32470498676409
48.029241739200785,-56.61677543884234,-80.96249233260517,104.64601717804312,-24.345716893762827
-85.26083357233199,-13.610867799903616,53.8485162596443,-71.64996577242837,67.45938405954792
-68.79833043449806,-93.57018243942996,13.996580718806584,24.7718520049319,107.56676315823654
-45.01366160592366,88.21525695293946,-66.52700007116414,-133.2289185588631,-154.7422570241036
-39.707666402396605,-34.752327567188644,28.312265192870456,-4.955338835207961,63.0645927600591
-72.67911944406893,51.928610461278936,-53.86417493442843,-124.60772990534787,-105.79278539570737
46.27426142666232,0.041929862670414764,51.21862954257057,46.232331563991906,51.17669967990015
-82.65084634239919,99.76572219096099,-55.210866881208354,-182.4165685333602,-154.97658907216933
26.047098994597675,-49.91338265362235,-47.42573356804347,75.96048164822002,2.48764908557888
1.0795309118772423,98.70450462916861,98.0556174185509,-97.62497371729137,-0.6488872106177155
55.03826397174393,27.805442052934765,71.9941087403212,27.232821918809165,44.18866668738643
-41.32496544160069,-59.22787453409122,5.7083457884905755,17.902909092490532,64.93622032258179
27.066848609516853,-39.35958467308167,-12.03819150390666,66.42643328259852,27.32139316917501
39.17575364565508,97.00933934417421,81.22136215303632,-57.83358569851913,-15.787977191137884
10.883919489195677,-46.17389985543885,-35.82998518656251,57.057819344634524,10.343914668876337
-22.499892892246336,12.155474912402426,1.1005638714133994,-34.65536780464876,-11.054911040989026
19.367466910089277,-18.335395473402244,49.83483146310658,37.70286238349152,68.17022693650883
71.97001137310681,-33.8646006107295,-74.5548076216344,105.83461198383631,-40.6902070109049
39.007677561983655,70.10417578427152,-10.74353228391169,-31.096498222287863,-80.84770806818321
-54.99527406306952,51.86822000447748,10.796225163371886,-106.86349406754701,-41.07199484110559
-46.25697026386737,-36.72770853265697,-64.59971777573179,-9.529261731210404,-27.87200924307482
-55.82423303009196,-44.99379187394943,-87.01064415801127,-10.830441156142534,-42.01685228406185
58.479129370010554,16.34545959174298,-95.65530885918207,42.133669778267574,-112.00076845092505
-64.02270705949445,-68.92057614854488,21.313267039085957,4.897869089050431,90.23384318763084
14.432660629491693,-11.429695753619498,-85.64057152799083,25.86235638311119,-74.21087577437133
36.49785720041365,78.61049695065051,-97.7966665231543,-42.112639750236866,-176.40716347380481
-6.8782979986133626,80.78083775909576,9.898722560011635,-87.65913575770912,-70.88211519908413
-35.204090649636726,-59.44190947816823,31.99724884742284,24.237818828531502,91.43915832559107
33.58477401170725,19.885361715987045,90.62967598250515,13.699412295720208,70.7443142665181
-22.065762803426864,-39.945617571494665,-4.553418004840708,17.8798547680678,35.39219956665396
75.95529121217416,-55.116821465062735,-90.80735013197199,131.0721126772369,-35.69052866690925
-56.77758898356578,42.28186954194845,-96.31243942496124,-99.05945852551423,-138.5943089669097
-42.661594908584924,28.801880289973667,22.08082183486144,-71.4634751985586,-6.721058455112228
57.51251250794084,62.10394313195951,42.34116418387757,-4.59143062401867,-19.762778948081944
-69.25294410223162,-4.995511199127861,20.681191497521723,-64.25743290310376,25.676702696649585
26.33367711598717,-91.4896364706447,-55.281935824790615,117.82331358663187,36.20770064585408
-89.32980353096363,-17.21393618907983,-64.66660373456767,-72.1158673418838,-47.45266754548784
6.300946368549717,85.13733374734491,-59.730336189456956,-78.8363873787952,-144.86766993680186
56.617662984598525,-96.42780816496384,84.99249454138908,153.04547114956236,181.4203027063529
-54.43776978272319,-97.58962739681496,52.60385935534961,43.151857614091774,150.19348675216457
96.12805502851762,81.18044376355567,94.14203223924261,14.94761126496195,12.961588475686938
71.73462409677282,-84.36877202292234,69.95783956100723,156.10339611969516,154.32661158392958
42.928032235805404,22.947348837657813,-16.549278028262762,19.98068339814759,-39.496626865920575
-2.7283153466762116,-69.2840441827771,47.954005313230056,66.55572883610088,117.23804949600715
-98.15221571629746,45.95615340875841,69.7956845249708,-144.10836912505587,23.839531116212385
-93.76883783466592,1.9660732114098636,-37.557145415584344,-95.73491104607578,-39.52321862699421
-85.83990564526822,46.62489491190905,-26.202289339931014,-132.46480055717728,-72.82718425184007
16.43341364891569,-56.08408155958173,-7.215542777989995,72.51749520849742,48.86853878159174
-58.344001112838974,46.82926915218363,-56.951250364170036,-105.17327026502261,-103.78051951635366
82.13280845000872,-24.359895398063784,70.34443655050373,106.49270384807251,94.70433194856751
-67.87544503809264,23.732122387263516,85.3340976162564,-91.60756742535615,61.601975228992885
26.621147412927087,38.585318117171,97.46252399142875,-11.964170704243912,58.877205874257754
-79.380105982938,-82.31954185986513,34.83903848896324,2.9394358769271207,117.15858034882837
40.75396155320993,-85.75110452668177,-4.938876423279169,126.5050660798917,80.8122281034026
-55.291179832153325,-42.97551991696225,-32.99062449897305,-12.315659915191077,9.9848954179892
-29.362434055807825,4.01438245229761,68.54639376129441,-33.376816508105435,64.5320113089968
32.58554011212374,90.59503231202069,30.15891794354735,-58.009492199896954,-60.43611436847334
-91.22834331641681,77.01859764536013,-2.14696183384045,-168.24694096177694,-79.16555947920058
30.15596711482854,-69.46197323171586,37.50678702197436,99.6179403465444,106.96876025369022
-53.010890949386024,-42.68124701723735,-72.04248190602638,-10.329643932148677,-29.361234888789035
45.24573939701315,-17.129245601127735,4.375286937771179,62.37498499814089,21.504532538898914
1.308955664601072,-93.59128212436457,22.87722130703716,94.90023778896564,116.46850343140173
-12.511079900016611,30.266999748009283,-78.26660583914631,-42.778079648025894,-108.53360558715559
75.82269024732767,-50.34115042294145,-8.690535401189564,126.16384067026912,41.65061502175189
21.839736743189732,62.06051105469328,-24.432471161435217,-40.22077431150355,-86.4929822161285
18.400577489774065,18.703118488438434,-95.63372167083767,-0.30254099866436945,-114.33684015927611
70.32836525934971,-31.03374812023243,-15.743974463349076,101.36211337958214,15.289773656883355
22.997552589929015,56.56411312972904,88.4808501617045,-33.56656053980002,31.916737031975458
-61.980845650325,20.274552562269577,52.76881345767163,-82.25539821259457,32.49426089540205
-51.85140929516121,57.51111697264335,26.471010153260252,-109.36252626780455,-31.040106819383098
-20.40988674594506,96.20096227075456,-91.53077720025904,-116.61084901669962,-187.7317394710136
-54.069532752083795,9.39755751564364,-70.6513533584695,-63.467090267727436,-80.04891087411315
96.0489250551895,97.52948955129236,-96.75390873150572,-1.4805644961028577,-194.2833982827981
11.712813353581296,68.53092434363924,-35.219747456142315,-56.818110990057946,-103.75067179978156
-45.06289346383403,95.609149157596,-5.024632704859215,-140.67204262143002,-100.63378186245521
20.528130465157005,-89.65570166672178,89.0833144879897,110.18383213187879,178.73901615471146
-67.76155141532716,0.8127813129101753,-81.85964678200628,-68.57433272823734,-82.67242809491646
84.38426415485793,86.02110385002482,0.48259872618767474,-1.6368396951668842,-85.53850512383714
-28.50236492037584,-48.232872552520064,0.9090479407874312,19.730507632144224,49.141920493307495
-41.13540503303328,-10.349529089251234,-44.10252528596208,-30.785875943782045,-33.752996196710846
1.1467374368711063,-22.022106225478197,6.144658212046821,23.168843662349303,28.166764437525018
-2.404767023470569,-62.70334104882722,-39.71987265596286,60.29857402535665,22.98346839286436
43.46214374128087,-21.63245801798945,-59.96331388302809,65.09460175927032,-38.33085586503864
-16.659795286398563,-63.735708246829525,34.962550481173935,47.07591296043096,98.69825872800345
-17.279371941422724,-28.95643317576004,-30.227869590720502,11.677061234337316,-1.271436414960462
87.47206431575691,-6.698147372331391,-27.74022022946339,94.1702116880883,-21.042072857132
51.77284805185727,14.390125128240541,-57.23383574440044,37.382722923616726,-71.62396087264098
98.96463468284469,-31.469940793271874,-92.20412449253593,130.43457547611655,-60.73418369926405
28.692446830721963,-75.21238911182444,-52.30671125685149,103.9048359425464,22.905677854972943
12.651226494061916,-73.84963732473628,61.388844870807134,86.5008638187982,135.2384821955434
22.880650212864026,21.30642008158894,42.07183840456585,1.5742301312750868,20.765418322976913
-67.05877190182714,98.56159145408898,-31.692347559675426,-165.62036335591614,-130.2539390137644
67.3362437955333,3.8334469828643023,6.64996196634165,63.502796812669004,2.8165149834773473
50.67372279010908,22.621883798827895,-97.17505330463521,28.051838991281187,-119.79693710346311
85.27832683291149,-47.08514443574767,-92.08795832196164,132.36347126865917,-45.002813886213964
-89.2450580862889,-51.95021034407166,-45.21876627879096,-37.29484774221725,6.731444065280698
-38.633232025431965,-44.12903756125417,-61.411652701303574,5.495805535822207,-17.2826151400494
10.509587954595972,-22.96645252880616,-32.198451879424184,33.47604048340213,-9.231999350618025
-57.23636904155383,-82.05374445174975,-94.95901057476756,24.817375410195922,-12.90526612301781
-40.07062072958618,51.32988548332307,98.16195311022443,-91.40050621290925,46.83206762690136
-4.4495489294092465,0.8438711075537242,6.364771155586851,-5.293420036962971,5.520900048033127
-88.92158765694047,54.787887727531256,52.95133758652972,-143.70947538447172,-1.8365501410015383
68.55425552188578,79.10091543937688,-13.130150354940852,-10.546659917491098,-92.23106579431773
-36.20608148347158,61.27974575917571,-38.30807550044997,-97.48582724264729,-99.58782125962568
66.98888253058934,-81.1316994720689,98.85383583265656,148.12058200265824,179.98553530472546
78.85785389614853,-81.34581893513456,31.24592962100013,160.2036728312831,112.59174855613469
-82.40725029512275,54.03738988883657,59.84458433181106,-136.44464018395934,5.807194442974492
-87.44734441387942,71.37207838331409,-80.42334395702807,-158.8194227971935,-151.79542234034216
17.906118907352564,-17.164495681465894,-91.50840943438034,35.07061458881846,-74.34391375291445
98.24000615525023,-46.95730877748681,-21.452997579649406,145.19731493273704,25.504311197837403
-16.978514666301052,75.88234669753703,-45.93180589447219,-92.86086136383808,-121.81415259200922
-26.725569018101922,-14.805807037430156,-34.4384558612028,-11.919761980671765,-19.63264882377264
-33.63747494845906,-16.451342727432078,-48.52553738897078,-17.18613222102698,-32.074194661538705
67.442042972331,-69.63965338423375,-29.614011395406777,137.08169635656475,40.025641988826976
-90.3010835456067,-17.31835112202829,64.78247221015928,-72.98273242357841,82.10082333218757
0.8420603357732546,93.954315766202,56.944404170270275,-93.11225543042875,-37.009911595931726
-23.017510559791305,67.62731096606083,-71.57921482967147,-90.64482152585214,-139.20652579573232
-89.14178245041748,-66.00429576084287,63.64547052545146,-23.137486689574615,129.64976628629432
6.095024651326497,-47.31013712861885,85.91979440143427,53.405161779945345,133.22993153005314
21.683349308785992,12.772480694262796,44.2081109333451,8.910868614523196,31.4356302390823
34.98542016211189,19.57120664124072,63.18024309261884,15.414213520871172,43.60903645137812
-11.389600128330585,2.448594221325422,-48.288564370252,-13.838194349656007,-50.73715859157742
8.57485761906291,-76.26452658423102,87.41028613410137,84.83938420329393,163.6748127183324
-65.95393988145126,-62.805116024858165,-35.346823126979075,-3.148823856593097,27.45829289787909
-96.05621119770285,43.612467326850094,-11.468796967948364,-139.66867852455294,-55.08126429479846
-85.40773176797285,-79.16970123942568,99.95306738286877,-6.238030528547171,179.12276862229444
-50.97994353299349,74.50634982969964,-3.5247990741771105,-125.48629336269313,-78.03114890387675
-19.051350265746578,-82.44812344568987,-77.19616173308981,63.396773179943295,5.251961712600064
-92.42677667137436,89.49860900895698,-37.05651050692733,-181.92538568033132,-126.55511951588431
-79.52593399697545,-9.509953033048404,-16.767663986541834,-70.01598096392705,-7.257710953493429
-79.41373524094729,79.6750767878749,-49.33847985887125,-159.0888120288222,-129.01355664674617
-72.47304297352613,-86.56886445300542,-92.2497336943141,14.095821479479284,-5.6808692413086845
-52.821549163591854,-32.19682848534792,31.091878544000252,-20.624720678243932,63.288707029348174
-18.811120502406055,89.97027598317266,49.70289337861908,-108.78139648557871,-40.267382604553575
25.384403140937792,-72.70588919109781,-35.96780622142613,98.0902923320356,36.73808296967168
-12.477621868989843,7.434529665363712,-40.62630289851714,-19.912151534353555,-48.06083256388085
-41.34530131831109,-26.22432385250586,-49.09013707454357,-15.120977465805225,-22.86581322203771
-7.847746741641799,-60.608091475994755,-47.620725087052904,52.760344734352955,12.987366388941851
-59.70868755053116,-22.36923308438699,-30.92332136610159,-37.33945446614417,-8.554088281714598
-4.139063456442855,54.37210816878516,-24.22640873040855,-58.511171625228016,-78.59851689919371
60.80675567683096,93.24052507363524,4.396022823610139,-32.43376939680428,-88.8445022500251
20.417565200338416,58.734524851285386,-88.25626366997005,-38.31695965094697,-146.99078852125544
-61.19999110141126,39.66368157371761,97.34238248963999,-100.86367267512887,57.67870091592238
-69.02711771423282,-81.44290917465212,12.401834942573558,12.4157914604193,93.84474411722567
-90.05224689578631,50.30391205587867,1.535399492355566,-140.35615895166498,-48.7685125635231
83.3913171723569,73.87236537570473,25.789603432555424,9.518951796652175,-48.08276194314931
75.0483618423952,50.91405908792626,68.49100029053346,24.134302754468933,17.576941202607202
-23.624917566235297,-92.71396086342334,11.238059359557866,69.08904329718804,103.9520202229812
43.936800348061325,72.06917815635668,29.679537040672244,-28.13237780829536,-42.38964111568444
91.51848683883435,-62.37915437572974,-32.1952748160347,153.8976412145641,30.183879559695043
-24.32479703892578,-59.12809095767224,-81.28341093232545,34.80329391874646,-22.15531997465321
56.992382657635545,52.84206991602335,-60.04101386837348,4.150312741612197,-112.88308378439683
21.690073958751583,94.41403542617715,41.63689735182348,-72.72396146742557,-52.77713807435367
72.53282515061824,-38.47430291517393,-40.17497116669555,111.00712806579216,-1.7006682515216198
16.698710293915255,45.69637338038629,-91.3649549886231,-28.997663086471036,-137.0613283690094
-47.54176785623705,45.899017572195845,89.77475142982507,-93.44078542843289,43.87573385762923
22.67184728167358,-5.671961875124268,-2.7909500878253937,28.343809156797846,2.881011787298874
-97.54863962699456,-35.07126657793327,4.342842837168035,-62.477373049061285,39.41410941510131
-41.0901292420015,19.633576008154947,79.62401610021891,-60.72370525015645,59.99044009206396
-14.91690504459055,-84.25134202341658,-23.063305467731723,69.33443697882603,61.18803655568486
27.641347715872527,-29.575905214893254,-42.5053962903154,57.21725293076578,-12.929491075422149
-91.99374744014722,52.81521068425809,-0.7422514341528341,-144.8089581244053,-53.557462118410925
-34.37129679304114,-93.4815113505971,-86.60439737360201,59.11021455755596,6.877113976995091
72.76499005275099,-83.94453591919257,-47.4540807170333,156.70952597194355,36.490455202159275
-70.72203422275854,-58.20807850307719,-60.37645171758186,-12.513955719681348,-2.168373214504669
-12.446326586898081,-0.40034184136865747,16.087659440568956,-12.045984745529424,16.488001281937613
48.51381235113027,65.3524719789894,-72.28388971150743,-16.83865962785913,-137.6363616904968
-28.437993516928728,37.95236968881741,73.64728805657995,-66.39036320574614,35.69491836776254
33.17074127124104,13.549119818750555,-86.1720109985477,19.621621452490487,-99.72113081729826
-32.06325490609798,-86.1723675067771,45.57617839970439,54.109112600679126,131.7485459064815
16.485946984435614,44.74905803836754,-86.72034419134509,-28.263111053931922,-131.4694022297126
44.68190063249193,67.10603962221833,-82.21425138994347,-22.4241389897264,-149.32029101216182
-59.243805810654095,-88.74223740360176,70.7260346293468,29.498431592947668,159.46827203294856
31.551264716794066,9.654663571637741,-14.751159363988648,21.896601145156325,-24.40582293562639
85.66142661942476,-2.2203397058658823,0.13216813225393764,87.88176632529064,2.35250783811982
-27.25320408811676,-69.97408865014859,66.14078774918627,42.72088456203183,136.11487639933486
-84.54679394926927,-4.470246085405847,77.26696478660472,-80.07654786386342,81.73721087201056
76.89962962090019,37.042923873226584,-47.33654354870289,39.8567057476736,-84.37946742192948
56.81218152814142,-26.68378730018989,4.28864203159884,83.49596882833131,30.97242933178873
-70.93245775457156,-34.620329624602135,-38.903877525765985,-36.31212812996942,-4.28354790116385
19.467183742288597,-26.99055062304832,-70.01170441318787,46.45773436533692,-43.02115379013955
-48.87445120618206,20.42387836668547,-73.2427148812289,-69.29832957286753,-93.66659324791438
65.80765115033648,69.53329359959463,-52.492865589548224,-3.725642449258146,-122.02615918914285
56.68269716679518,-98.27654857324958,-90.54993222870297,154.95924574004476,7.726616344546613
55.820747746873366,97.43726640833876,-91.02393550474468,-41.61651866146539,-188.46120191308344
-8.893818762016963,-85.627566831808,18.42656498073336,76.73374806979103,104.05413181254136
-22.464430358354903,-28.15912054645247,-97.81305577786725,5.694690188097567,-69.65393523141478
-13.253005262503592,98.24892562800557,-48.47651543230085,-111.50193089050916,-146.72544106030642
-34.861038052483124,-75.214821449297,11.051123980011226,40.35378339681388,86.26594542930823
36.36334512926379,58.45416743408046,50.61465472410194,-22.09082230481667,-7.839512709978521
-70.6922054879336,61.154539668460274,-50.54658338411111,-131.84674515639387,-111.70112305257138
-29.06888478872706,-40.517608181284004,-34.04292408969951,11.448723392556943,6.474684091584493
63.62258370511452,36.379181013414694,94.91808265022118,27.243402691699828,58.538901636806486
-33.76011863875779,7.487514670795321,-2.576916016715657,-41.24763330955311,-10.064430687510978
-6.290994104958656,-52.65960109467933,5.527272120896427,46.368606989720675,58.18687321557576
-70.44931098557852,86.29238586177786,-75.23126361132583,-156.74169684735637,-161.5236494731037
-2.114020148317337,53.06424478772732,-80.61309164213725,-55.178264936044656,-133.67733642986457
86.49441026721493,45.14019414450712,-86.27582857822821,41.35421612270781,-131.41602272273533
63.477907483297145,26.32570843426356,51.46988654798372,37.152199049033584,25.14417811372016
-28.53820342456504,43.67011263463101,17.235259054194387,-72.20831605919605,-26.434853580436624
-14.613628046732742,39.45473236598582,91.39431692615588,-54.06836041271856,51.93958456017006
65.99732979697774,32.86897368685078,-12.574391560039857,33.12835611012696,-45.443365246890636
-68.89084001254642,99.53347846772718,-67.92213518645278,-168.4243184802736,-167.45561365417996
63.74036554060288,7.8875517328778955,-3.724920547668347,55.852813807724985,-11.612472280546243
-45.89207426291679,-90.18519045514539,-19.144708733910207,44.293116192228595,71.04048172123518
7.479725113868142,17.038270260992533,31.46679235367472,-9.558545147124391,14.428522092682186
14.892438707831545,28.309440668171305,58.048631077886995,-13.41700196033976,29.73919040971569
86.33117237860748,7.501532507440899,21.239285777562174,78.82963987116658,13.737753270121274
29.189514183377042,-45.36869185489601,5.479956131626238,74.55820603827306,50.848647986522245
37.06304848384846,35.81031125759861,-81.91838430562049,1.2527372262498488,-117.7286955632191
47.98871263636266,-55.65240247258021,46.8033119577446,103.64111510894287,102.4557144303248
59.22975172956552,18.691254517994665,18.27252195034194,40.538497211570856,-0.41873256765272515
-80.67490180621152,-10.749995767738113,72.82167076306908,-69.92490603847341,83.57166653080719
88.89617126454945,3.9507319391686195,-26.35352275032581,84.94543932538083,-30.304254689494428
-74.34171512457799,-71.39851973472298,-61.39496209212587,-2.9431953898550063,10.003557642597109
14.619228268303246,88.82872941525491,1.0306789717497367,-74.20950114695167,-87.79805044350518
-99.9371160711826,-78.84997250769719,-32.338895079407195,-21.087143563485412,46.511077428289994
76.76744721972634,-23.33144131789841,54.501161204482685,100.09888853762475,77.8326025223811
-71.36424990279045,-77.83584606025917,21.73195052535675,6.471596157468724,99.56779658561592
-37.477786443151714,-19.572385019289214,-89.81118219939555,-17.9054014238625,-70.23879718010633
-35.316148407838384,76.7332563144966,4.428289441800359,-112.04940472233498,-72.30496687269624
92.86481737697258,-57.651779444775016,63.890151108927455,150.5165968217476,121.54193055370247
-49.019819239485905,-93.2244409714887,36.60299128979955,44.2046217320028,129.82743226128827
-77.456786734428,65.83009806915007,-44.560371957892045,-143.28688480357806,-110.39047002704211
-27.49622363925286,88.07028250763611,87.41254497594028,-115.56650614688897,-0.6577375316958296
57.1933642901254,28.46348233430703,-7.4799878578383385,28.72988195581837,-35.94347019214537
7.437430865406668,-76.11031281425993,-80.6494203277808,83.5477436796666,-4.539107513520875
-77.96788078933534,67.32814928130887,-70.833539852864,-145.2960300706442,-138.1616891341729
-61.45142184185091,9.72281186444151,-56.97375638434512,-71.17423370629243,-66.69656824878663
-11.266085103459915,12.663248339592442,-26.381345800676897,-23.929333443052357,-39.04459414026934
34.704370212343576,82.44106808173527,-69.80137371298648,-47.73669786939169,-152.24244179472174
-38.73075256445884,80.49799348458373,65.81751666718057,-119.22874604904257,-14.68047681740316
62.11212202363586,24.02933149310948,27.842531987300305,38.08279053052638,3.8132004941908235
3.762849830760004,-96.7035598807686,91.61851583212993,100.4664097115286,188.32207571289854
50.43301337288807,56.29316788048433,-24.54363218772737,-5.860154507596263,-80.8368000682117
-26.121955296040554,1.9469319752887913,1.4380238631857907,-28.068887271329345,-0.5089081121030006
9.92581521456735,-32.05658916758465,-50.03478243805559,41.982404382152,-17.978193270470946
10.128292163880559,-24.94437206130118,93.98637660996175,35.07266422518174,118.93074867126293
24.33368250305699,-36.0668864745826,-41.2079058150858,60.400568977639594,-5.141019340503199
-42.42771990184349,-0.14394860517042218,28.748093084854617,-42.283771296673066,28.89204169002504
-64.78051414632158,-42.95578290122653,38.55431385099931,-21.82473124509505,81.51009675222583
-39.44902835086954,-47.522305453275095,-7.25605440068145,8.073277102405555,40.266251052593645
-70.14571315175273,23.533892110727777,35.66212168034164,-93.67960526248051,12.128229569613865
-79.76011081464506,3.3149009686024584,20.788932995725332,-83.07501178324752,17.474032027122874
-50.576142326196006,-91.7493934986875,-80.0096288450974,41.17325117249149,11.7397646535901
-61.17966153024446,99.11105991715525,-96.83935216734076,-160.2907214473997,-195.950412084496
-96.24988265274416,50.201750576511586,65.35496560277574,-146.45163322925575,15.15321502626415
-34.80179091687505,23.983196036821013,39.344989054910684,-58.78498695369606,15.36179301808967
35.34772589788267,-75.54209255943627,85.23643925497268,110.88981845731894,160.77853181440895
39.64845479783804,67.23995019155507,-84.65191468806054,-27.591495393717025,-151.8918648796156
43.39171917889482,-99.22117072377348,-10.948658892791869,142.61288990266831,88.27251183098161
13.731963569664458,-66.80141770259453,-9.781967839218737,80.53338127225899,57.0194498633758
22.742763345183832,53.5322065397483,78.62606121400648,-30.78944319456447,25.093854674258182
16.922642443167547,-75.11792225469523,-40.92184105802987,92.04056469786278,34.19608119666536
26.72075718837219,-82.25310139842216,-18.628832121834705,108.97385858679435,63.624269276587455
14.893531854271671,90.13296829389714,-17.75936459022151,-75.23943643962546,-107.89233288411864
-86.53918586620071,-8.650880329200206,50.69210788726835,-77.8883055370005,59.342988216468555
9.61192196852653,-71.16857021572831,22.83976070871985,80.78049218425484,94.00833092444816
19.590102623951353,33.21045985382972,-29.755414507740326,-13.620357229878366,-62.965874361570044
-90.57501668088553,63.85187711199728,-1.4324399862435655,-154.42689379288282,-65.28431709824085
30.34106609062158,-45.772422752981925,-1.1480446376274784,76.1134888436035,44.624378115354446
-11.90953095674665,72.17723370419878,64.61352331368298,-84.08676466094543,-7.5637103905158085
-86.25233960431771,75.49539624485189,91.91925241189895,-161.7477358491696,16.423856167047063
28.329135782326546,86.36485815906309,14.242638270399539,-58.035722376736544,-72.12221988866355
21.539101883692595,12.0747791935746,-31.47952866994443,9.464322690117996,-43.55430786351903
-88.20484592200776,-51.73713240449425,-83.51440210857464,-36.467713517513516,-31.777269704080396
-64.04565844101764,77.55233514277748,26.030393854876934,-141.59799358379513,-51.521941287900546
-77.35654339858968,-14.281416349816695,-7.119674736561606,-63.075127048772984,7.161741613255089
42.2811694959145,64.58717543861945,-60.32340734369439,-22.306005942704957,-124.91058278231384
-21.710267282631946,51.99700229923053,14.973808405546848,-73.70726958186248,-37.02319389368368
-24.88807150849837,-41.78992950986999,76.32344424857266,16.90185800137162,118.11337375844265
16.08136723608405,59.74996555235214,32.91594190546283,-43.66859831626809,-26.834023646889307
-63.45446369237817,98.61977254352718,-15.967429095072276,-162.07423623590535,-114.58720163859945
18.154749727506967,48.915951903606725,-9.425966857596407,-30.761202176099758,-58.34191876120313
-59.416043387693286,-21.114814085481058,13.09318325524751,-38.30122930221223,34.20799734072857
-73.34777111379383,-54.84496118674676,68.13923410675213,-18.502809927047068,122.98419529349889
-96.92066900788603,-21.18318211694836,-50.80379636187595,-75.73748689093767,-29.620614244927594
-58.01313738128107,61.16339227012449,79.03282355474792,-119.17652965140556,17.86943128462343
78.37764036836333,14.964146248023098,-6.54532642153309,63.41349412034023,-21.50947266955619
23.037907666036816,-10.544862618346173,-20.271035829316972,33.58277028438299,-9.7261732109708
9.82811537711595,16.399825751282833,0.19664220635536367,-6.571710374166884,-16.20318354492747
-67.0169182782773,63.56706199161616,49.12959824757155,-130.58398026989346,-14.437463744044607
-25.990047893267928,60.11542350306408,70.73013380090003,-86.105471396332,10.614710297835956
-65.33824802081678,16.53649234615176,-42.937601280157246,-81.87474036696854,-59.474093626309006
-96.96197906359909,-52.24293412826335,34.280704834606354,-44.71904493533574,86.52363896286971
53.86599190363046,2.2287526859886384,89.72929358323842,51.63723921764182,87.50054089724978
-78.88690749717532,75.14769719264154,97.38891624077891,-154.03460468981686,22.241219048137367
49.89552582451793,-66.82679405533142,63.93164390703262,116.72231987984935,130.75843796236404
80.1363399524486,-21.339623260138424,74.14667466357275,101.47596321258702,95.48629792371118
64.73489796491285,6.548085467575618,-22.4271949834759,58.18681249733723,-28.975280451051518
51.720179429251885,41.91168078964418,-6.318936076865327,9.808498639607706,-48.23061686650951
80.77243919520438,-54.010396436273524,-65.92169816827501,134.7828356314779,-11.91130173200149
23.217448388234473,94.39886854035407,-50.54868533864594,-71.1814201521196,-144.947553879
96.60109981523766,-72.10023040756201,72.11271105472642,168.70133022279967,144.21294146228843
-60.34039760000931,0.6357053449775663,98.1744956004409,-60.97610294498688,97.53879025546334
-80.33214662552206,11.297218102158823,2.457808540989163,-91.62936472768088,-8.83940956116966
-87.1291436566921,-28.94369208944461,-17.931728220191687,-58.18545156724748,11.011963869252924
60.08996246369017,48.16304632715733,56.94178183762966,11.926916136532839,8.77873551047233
-35.49271561222831,-21.30858520233565,78.5809990725366,-14.18413040989266,99.88958427487225
-44.89783210903013,-40.24818587547354,11.008457010509545,-4.649646233556595,51.256642885983084
79.13441694184854,-45.59096216446612,-7.992503019357471,124.72537910631466,37.59845914510865
22.548431340065406,5.925048191896764,41.339184262645176,16.623383148168642,35.41413607074841
-23.849405061074265,-81.37813382829381,68.88172283311465,57.52872876721955,150.25985666140846
57.55054377319203,52.962400122225716,-27.886977844829914,4.588143650966316,-80.84937796705563
-86.47208909938713,-58.74541931893085,-62.66757926091404,-27.726669780456284,-3.922159941983189
93.73009467544523,-93.4127970603279,-54.940532243533326,187.14289173577313,38.47226481679458
-23.510366410116347,67.4766956610851,-83.84292721243791,-90.98706207120145,-151.31962287352303
-82.8182190100083,59.50344081063582,73.93685914139309,-142.32165982064413,14.433418330757263
-1.3581334264413272,34.83061345879295,5.018646668972764,-36.18874688523428,-29.81196678982019
-83.99611489467809,83.82193291332104,-79.89559971665832,-167.8180478079991,-163.71753262997936
86.36479635459008,-85.50900528082563,88.96103438880769,171.8738016354157,174.4700396696333
-28.31854149958089,35.068894135237684,68.2240129008643,-63.38743563481857,33.15511876562661
49.25464679640123,-67.64350844154686,59.90252114364574,116.89815523794809,127.5460295851926
-51.43981395094455,-90.22492462982487,50.81811203711467,38.78511067888032,141.04303666693954
-92.48883531593177,29.71935829408642,2.809639207772946,-122.20819361001818,-26.909719086313473
44.78545591061675,-72.95572759920279,-76.61055338215834,117.74118350981954,-3.6548257829555553
98.8697133894064,27.558008026915545,-29.717829720092382,71.31170536249086,-57.27583774700793
-51.28628883888864,38.377018541180604,37.36991315329337,-89.66330738006924,-1.0071053878872362
62.93325321615569,86.99156337317018,-22.91715371171574,-24.05831015701449,-109.90871708488592
63.99798955575454,-84.97211841356074,47.9662188077009,148.97010796931528,132.93833722126163
-77.16311918709597,69.31964325756337,15.932943862011868,-146.48276244465933,-53.3866993955515
3.8752234382754835,-29.342090112610634,35.89704365162078,33.21731355088612,65.23913376423141
-20.770650982339973,99.64569622357078,-1.5074165999133982,-120.41634720591075,-101.15311282348418
52.05505693726968,19.171590146197047,-76.19517000356629,32.883466791072635,-95.36676014976334
45.38014053083637,-34.24401773885255,46.20597462968212,79.62415826968892,80.44999236853467
-87.48964274454111,-66.8494106315295,-91.0071515002345,-20.64023211301162,-24.157740868705005
-85.06137599336962,38.701084871212146,-92.0107068764747,-123.76246086458177,-130.71179174768685
4.725433908936893,11.73485929501122,-43.4931197426578,-7.0094253860743265,-55.227979037669016
-59.61855629371278,-13.079164863806938,84.66251246205093,-46.53939142990584,97.74167732585786
39.18672048043376,35.8290736877787,-89.18913767628015,3.3576467926550606,-125.01821136405886
-65.2024881860797,96.15149358167042,47.81492580328248,-161.35398176775013,-48.336567778387945
37.34483991161025,-56.00131213454773,62.50326804959295,93.34615204615798,118.50458018414068
58.36596863893686,-55.609192087810186,-9.75694116854686,113.97516072674705,45.85225091926333
-33.42664987673183,65.28210999454183,36.768936866815295,-98.70875987127366,-28.51317312772653
-80.72130250599112,29.965484512655678,-45.90598412350422,-110.6867870186468,-75.8714686361599
-5.327797360506921,-90.86754291265878,57.388227162424755,85.53974555215186,148.25577007508355
-33.43502753698017,-12.352328582485299,-50.92874701327466,-21.082698954494873,-38.57641843078936
-7.544927943943591,17.56438591380585,-53.489396959264845,-25.10931385774944,-71.0537828730707
-56.10531415438182,53.50148319617966,-24.70611311872682,-109.6067973505615,-78.20759631490648
98.9722807277218,-13.736343696841729,63.00896468161875,112.70862442456352,76.74530837846048
-49.7472898587068,51.607242251567214,87.90896815590864,-101.35453211027402,36.301725904341424
16.281395258463263,-13.663783764595067,49.55794462933295,29.94517902305833,63.22172839392802
-49.509748260681775,-17.114545778371834,5.056632714536647,-32.39520248230994,22.17117849290848
29.202344794167914,-79.14995674399975,-17.029598894766963,108.35230153816767,62.12035784923279
-33.57649633755595,-17.911705288910667,11.386744242690057,-15.664791048645284,29.298449531600724
-74.34053541514443,-92.75553379093928,24.29168130038883,18.414998375794852,117.04721509132811
-42.116773288794775,-95.94777435917217,-50.09036481225593,53.8310010703774,45.857409546916244
-66.87656389191987,-56.64117085371105,-45.085951307816366,-10.23539303820882,11.555219545894687
-64.719545029117,5.807878697778051,-99.80200121472278,-70.52742372689505,-105.60987991250083
-37.68837232120783,-81.28672287823986,9.93467985254874,43.59835055703203,91.2214027307886
91.9627665873754,9.679547206943624,-55.635339565064434,82.28321938043177,-65.31488677200807
-47.88613671490482,88.27338025404936,-78.3383757622012,-136.15951696895416,-166.61175601625055
-83.02920251335897,-70.6906346979719,96.25530479865455,-12.338567815387066,166.94593949662647
3.547957414832652,22.057990340770118,97.33964030370592,-18.510032925937466,75.2816499629358
55.43054988140193,94.90017850845783,-59.19737068919182,-39.4696286270559,-154.09754919764964
5.835243847572372,-15.983286939441669,-23.209637304564353,21.81853078701404,-7.226350365122684
-94.53717658574968,-70.15445431194871,99.41380221524872,-24.382722273800965,169.56825652719743
-7.025775228421807,29.75498077771087,93.58134629667202,-36.78075600613268,63.826365518961154
24.705750874081602,84.57287258503811,13.56227707086866,-59.86712171095651,-71.01059551416945
92.23447817933652,-70.16316322273033,6.6774861662064495,162.39764140206685,76.84064938893678
-45.486281833043954,-8.750538522463643,-69.00296437878865,-36.73574331058031,-60.252425856325004
59.586823435773766,70.8785581986997,-93.10580143344744,-11.291734762925927,-163.98435963214712
-41.41945241752658,99.87800730290536,-98.50340077864668,-141.29745972043193,-198.38140808155202
49.37152462727309,34.82886017862688,-88.00183308293035,14.542664448646207,-122.83069326155723
-66.13994359610986,36.80002071221122,17.629269622814036,-102.93996430832108,-19.170751089397186
75.49058295059109,39.456459197327774,18.858885602764104,36.034123753263316,-20.59757359456367
-50.44411711206109,12.627108717021954,76.38144342778551,-63.07122582908305,63.75433471076356
-46.49346032669352,-5.64169852123058,-35.683179426109774,-40.85176180546294,-30.041480904879194
-21.24573771991905,-51.07457344819426,-97.76264938262462,29.82883572827521,-46.68807593443036
38.5483000533759,-55.503549574252006,62.97518853707453,94.0518496276279,118.47873811132654
63.22312030825651,-43.279770078885214,-16.344536154326647,106.50289038714172,26.935233924558567
-88.58821661360776,59.670162551972226,91.53868160308463,-148.25837916557998,31.8685190511124
30.40969664097335,-69.28442661044869,55.33773526985806,99.69412325142204,124.62216188030675
-8.407797966763837,82.67622131242027,3.57571513371569,-91.0840192791841,-79.10050617870458
28.21287262304054,-68.59490053316144,-97.63818236419908,96.80777315620197,-29.043281831037646
33.61119713734976,82.80401265626239,59.45243845444551,-49.192815518912624,-23.351574201816874
-68.88088858315095,-79.84769577572538,18.43574870113389,10.966807192574436,98.28344447685927
38.87660275071016,8.588341154481483,-35.90902288730898,30.28826159622868,-44.49736404179046
-42.70456372120401,14.7690604049195,-63.33636762609194,-57.47362412612351,-78.10542803101144
-22.888774271250227,30.16245300880695,-74.36358536343919,-53.05122728005718,-104.52603837224613
99.08181230890006,1.1449398908249577,63.905594376868436,97.9368724180751,62.76065448604348
51.13930188485048,42.000188244509104,43.2261881985676,9.139113640341378,1.2259999540584943
33.18294012049864,22.721087009384817,-44.356569655722076,10.461853111113825,-67.0776566651069
65.47853244710168,21.25012389002829,-86.72943924588378,44.228408557073394,-107.97956313591207
-26.76170660747495,-87.85856307961765,9.777517801313422,61.096856472142704,97.63608088093108
90.00689264082692,22.08146388669465,58.17302617265352,67.92542875413227,36.09156228595887
37.56536587524516,-38.09129837247451,9.790906538899208,75.65666424771968,47.88220491137372
14.39216756162773,-5.422563569166684,31.022778284952977,19.814731130794414,36.44534185411966
63.186212439849896,95.84864791735885,-80.38403458181351,-32.66243547750895,-176.23268249917237
