0,-1.57552504097205,0.252543906486592,-1.36397626147109,3.14
0.484724294684047,-1.57,1.57,-0.76887742377708,-3.14
1.15983317735615,-1.71337723191291,-0.819197690565936,0.215561569605784,-3.14
0.58957794484851,-1.5767852778801,0.483721600623817,-1.95494729027913,3.14
0.794124350057617,-1.66737857959966,-0.134081299471844,-0.0412547215628855,-3.14
0.202225175032412,-1.57243306763388,-0.761687562722445,-1.21236956260065,3.14
0.2569282172823,-1.58236368861027,1.56716935480217,-0.923183592998109,3.14
0.0100310674093696,-1.57550086274323,-0.676109576719853,0.183640599621256,-3.14
2.66957317187393,-1.66978750279454,0.283843621271699,1.56303713537781,3.14
1.21674064272407,-1.57183320438892,1.09412779224194,-0.142586713593524,-3.14
2.52872241955468,-1.57,1.13474553002309,-0.359836273770964,3.14
1.68269598084679,-1.63368823329388,-1.51995948495982,-0.317818613939863,3.14
1.29343301361402,-1.66264105107846,-1.17140178854803,0.977881328999106,-3.14
2.06847666077021,-1.60222286732814,-0.718214013809995,-0.0517243788344584,3.14
3.14,-1.60601184180879,0.746788220236892,-0.580954820207739,-0.229147752759334
2.2245779259927,-1.66173735994317,1.57,1.30607226588829,3.14
0,-1.57140943585604,-1.57,-0.759744511940972,2.93709119190242
0.825772761226597,-1.70480201525823,-0.0188899057952096,-0.635203586170186,3.14
2.04103458309066,-1.63472022242303,0.627106353268226,-2.16380956247357,3.14
0.00788778350849176,-1.57748787125086,-0.372449070142309,0.779126721882435,-3.14
0,-1.57030126718376,0.0221544723172437,2.18526332259759,-3.14
0,-1.65446250031023,-1.10346895762183,0.635038190495943,3.14
1.46575279361481,-1.57580105422661,1.29791385210576,-1.7766188606475,-3.14
1.26789696529205,-1.70883530726093,-1.57,-1.64470333562039,-2.29852782354441
1.51692074050011,-1.71859370651039,0.128152914526722,-1.56240354826137,-2.63340691872583
2.14881299278999,-1.57223403312095,1.57,1.48056321361016,-3.14
1.26498697649901,-1.61722673145309,1.02450512055548,-0.349695405589752,3.14
0.796624467912568,-1.63647704651082,-1.57,0.140620057935681,-2.60298994978208
1.2088964009921,-1.57408343233894,-1.09030931211229,-2.18106846652277,-3.14
1.33166360890929,-1.59785798002171,-1.57,0.198954828105831,-3.14
1.68844744396716,-1.67648080001554,-0.299204991170436,0.958770774819065,-3.14
1.31598511000891,-1.66883272206633,0.419454224528163,0.441346152254798,3.14
1.45686174128537,-1.70012013747421,-0.8666467904866,-2.03394059219421,-1.78568468939519
1.02337778481652,-1.57237491953022,-1.13634048519354,1.85314623476022,3.14
0.670598133361938,-1.59043167196026,1.57,1.33219580783196,1.29550490097801
0.0109724093280147,-1.68731844118802,1.57,0.802775180472891,0.0618754700139027
0,-1.72645824487158,-0.0574437754206139,-1.63998221969216,-1.58823962147515
2.36084037700889,-1.57167468955297,-0.589299289575192,0.850861527068375,3.14
1.68551042656326,-1.57232005458444,0.681718256493705,-1.48856042245014,-3.14
2.33414326402732,-1.57423752159296,0.148721828360272,-2.2023309140656,-2.76001224559304
2.52487624056675,-1.57490490816463,-1.04680841012405,-1.40916126762774,-3.14
1.06107007370009,-1.65297385740517,-1.57,-1.88585748776172,-2.35189083874644
0.55053389308399,-1.57983387271932,-0.734800332304322,1.55161148013903,2.35407948788277
1.54070724831849,-1.63892094045307,1.57,-0.455516169496163,3.13211852223704
1.600984124894,-1.69383511055183,1.21949964839272,-0.857591277820298,-2.31319333653606
2.28195534799221,-1.63836294112774,0.798148319204915,-1.82263333497183,2.09332330555872
1.52238321945686,-1.62487579588727,-0.0707370579406112,-1.30074912715981,-1.87838521033905
2.16437677203986,-1.6711037980597,1.35932410003359,-0.612948816293574,-1.31804123201757
1.77431488445853,-1.63081452164399,-0.799758655828542,1.83295885985869,-0.786601232270368
2.63260020366713,-1.70527035693062,1.565617695076,0.0538971761096995,-1.23270283774266
1.17720695440561,-1.57758418433308,1.11199306419681,-1.13482694263012,-1.03644074271498
2.25193499879705,-1.57447782825902,1.33342592789256,0.105620216868284,-1.1219902968874
1.00485546016755,-1.57439458336141,-0.795469670452029,1.99827521955185,0.545818948176952
1.46316877772595,-1.6518351790299,-1.18983154369273,-0.0390711244328146,-0.194186342107425
0.883637488017969,-1.57461362934324,1.56277662556189,2.34731774687447,-3.13213905384948
0.668426730955373,-1.57293343673416,-1.19592775488103,1.34771169132951,-1.29931898790785
2.62384098914761,-1.59434104260657,0.8262121780597,1.66528708146245,1.90184743141091
1.82301932943956,-1.57920958418504,1.24060195994306,-0.591860652991645,-3.04149891852319
0.0065057505366705,-1.57037517797047,0.487207003641293,-2.04118613732151,0.484741215035308
1.68280338760588,-1.67886418723021,1.28225880132407,1.07888096353607,-0.0288090044171051
2.22587866098994,-1.60258404823781,0.991445017910294,-0.786091065851398,0.989729874722728
2.92978471005067,-1.57672848207052,-1.22336911657625,-0.420218942003647,1.68358029111773
1.37488070850927,-1.6827063284942,0.00597762142745359,-0.0698190431863412,1.26238638666777
2.52938416909614,-1.71291373314629,-1.5690579679606,-1.83692495649373,-0.932489714678919
2.77330928977711,-1.67960768672815,-0.32828236183786,-0.902707413104114,-1.2311732608952
0.710837832702649,-1.57301264064863,-0.556525278940296,2.32150207450605,-0.411789348594498
0.00225011464772577,-1.72153846193032,-0.48074214889644,0.0929779387357351,-2.20630402280626
2.45717021910898,-1.70969263522196,-0.838248260965044,-0.651076050671889,0.196817957231883
0.275539500006552,-1.68880025956127,-0.316054107658632,-1.68875209017744,0.386589674602787
0.780548194863356,-1.65406653844939,1.115891966516,-0.786202596183242,3.10682498243658
0.800042244396932,-1.66773328479279,0.378117266984912,1.34992553954189,0.141983168092834
2.56983431859202,-1.72083853268897,-0.166842594689419,-0.508808834888541,0.350007414949162
1.30654310596037,-1.59184330346332,-0.655316293787172,1.0521719524557,-1.81720724054656
1.40932709875657,-1.70298864835122,-0.573551575558265,1.70477710835725,0.540125780595182
1.46134618440387,-1.65411052518547,-1.00595169611038,1.22048540164085,-0.406800993897979
1.53533935701045,-1.62870521268017,0.00226518700605707,2.09440924518008,1.19128697464465
1.91969922697179,-1.65502623209168,-1.14158503493773,0.257335227676682,0.65716668131282
1.52300254716758,-1.58567449923959,-0.258899310026079,1.98896820060678,0.860723926607633
1.61962281752037,-1.57206088862127,-0.444211756598407,2.14429629008628,-1.49494214297159
1.60756870024809,-1.68317398600353,-0.45702039023106,0.689183378686892,1.33968237442672
1.71550179409677,-1.57525770188146,1.13182263525153,-1.9294813296815,0.605074010991793
1.5090717097024,-1.61720057135681,-0.710254885019713,0.0771134008255556,-2.97767211517563
2.35051319511166,-1.57485109247594,1.41126757803045,1.28188787363702,2.82490950982181
2.59389659601072,-1.59485890740175,-1.2564889836492,0.66524468754428,2.79636846342629
2.67309526176633,-1.59482632448018,1.04783716020538,1.57908627994303,1.62553386362682
2.53744339155648,-1.68190873498466,-0.328624846492597,1.884667054967,-1.2222178963498
0.97167531911432,-1.59508979077229,-0.708779873715719,1.78277841953342,-1.05194443517473
1.48405669291,-1.68365262159995,-0.801137696185388,1.01255970336146,-0.00423954334385857
0.00399504274302799,-1.57482623613345,1.21974685473605,2.34242757815811,-0.891060967242127
1.77724744022304,-1.57306632247738,-0.808499898954603,1.74839578166405,-1.43888523469434
2.90017596502632,-1.57620759060444,1.05437746875274,-1.17524805406907,1.87347683847293
1.95276570196745,-1.67775878499229,0.150463675005949,-1.12735433022769,-0.674333108088742
0.48889833788188,-1.59671703795343,0.01848005648839,0.978692636089275,2.03604306924523
2.29982784808641,-1.63808952825247,0.324188703729397,-0.452099951983616,1.40960118780344
1.81623590826001,-1.61584535412954,1.1391707131721,-0.413798042910286,-1.26373416686984
1.70604411855029,-1.58704231740141,0.933277833386309,0.312629101928201,-2.49876794027568
1.16693277432496,-1.57224133027089,-0.300996677282003,1.95114860193058,-0.821597541817684
1.28445054755348,-1.66983943591249,1.22995626474422,0.788742155620734,2.34352416212614
1.85657073516125,-1.66922277411309,1.01978933888144,0.719958282256404,0.160418742351943
2.03755545571798,-1.68376036762667,1.31367592277357,0.342436069445336,2.62950151043469
2.53150877122041,-1.59625512703929,-1.10649401319644,-1.23395014200015,-1.08255696508793
1.98517514346669,-1.70137562081094,0.0723362584162911,-2.06150132410672,2.89246301509842
1.53662380787455,-1.57121230885287,0.588336178967142,-1.50486091186097,-1.49994946190256
2.32630170048551,-1.62027877102024,0.821270175684378,-0.0314641949266,0.226848442596035
0.182225543171387,-1.72522179771065,-0.0626998759936723,-1.82347551784923,-0.410582315003291
1.31410220303929,-1.57226002152061,1.54474144516018,2.29784183658398,-1.24571783042218
2.57345063324432,-1.57516963525667,-1.12089079296405,-0.278562417556876,1.9853513701058
0.920077703419888,-1.72129907998559,-1.17033861126083,-1.6102816568512,-1.10990651576594
1.98566897267328,-1.62573639848914,-1.23165447758919,-1.52469348061482,-0.224391231866399
1.25143257042556,-1.71704845751057,-0.119779343885978,-0.857051202589718,-1.67572882072067
2.11477835407063,-1.57296187673519,0.422880474734753,-1.63249947315499,1.52885340523534
0.701814195495615,-1.72289737326837,0.581067730144732,-1.79811786366724,-3.13408454869475
1.73232848829843,-1.66983060012546,0.637850404444668,1.73519920037531,-2.60612753446218
1.72968140853896,-1.57087145401603,0.299135857515292,-1.50455005801794,0.910188055984956
2.10392228515749,-1.66504966035946,0.79739973333939,-0.1065614770943,-1.32123341945272
1.14713831271617,-1.64061601336819,0.570891118552691,-0.354947116819714,0.87861420702601
0.513339474401708,-1.68088052769538,-0.72842320445557,1.01479672543246,1.2032256871235
2.29679128961604,-1.63809564380169,0.694973705404031,-1.17835720527531,2.16493625373658
2.96906688934364,-1.6233443599917,1.16769858787876,-0.914811730387141,-0.233899169290335
0.701761938630644,-1.65967611128178,-0.870994557797501,1.00039632469561,0.553967927740268
2.20979112878331,-1.63308258688038,-0.387951997440725,-0.0752796821747848,2.83445326210091
2.54512601566943,-1.59139724596417,0.208932379862709,0.386965191930686,-1.22367566650658
0.842173358315312,-1.57181047255667,1.36159964532591,2.5937052211766,-1.54423978200537
2.55937119851149,-1.57506092848939,-0.300288702484535,0.677464571067762,1.86671193950136
2.38625183202881,-1.6554013722941,0.360633887041728,1.27751504027979,1.39628595227025
2.8877770509571,-1.61119676772127,0.629823568999269,-1.06909956963319,0.906644114442568
1.54208081742682,-1.58304447801332,0.0747887674672005,1.0609857994492,-0.767432442027323
2.27970865889195,-1.60069591114823,-0.296143632090381,1.05877410780304,-1.83496083508445
1.89576896520561,-1.6569851980896,-0.624922125955372,1.18205289535437,-0.0118009874217659
2.07105489201555,-1.68252724895766,-1.01985217048009,-0.60057645599534,-1.37561833334635
2.53710358268273,-1.61790889108631,-0.338081900443718,0.311395022419023,0.210169640179629
1.52016524441704,-1.57285009580889,-0.515672493057786,1.65682063765107,-0.776267360967742
2.803930700988,-1.65869804526129,-0.592128336204792,0.306019245938158,1.99880460661798
1.78491845156729,-1.67033807927296,1.31399627178513,-0.616467128700474,0.466148545738464
2.33273355949554,-1.66603498925737,-1.2879077672231,-0.17157091324725,-0.640523025036376
2.45321552356335,-1.65074467854816,-0.451156582274581,1.30816084591956,-0.541664259849833
2.35620563276403,-1.67334224125649,-0.331095388003712,0.235347562612736,0.199278710786861
2.91443597043166,-1.65727381853539,0.0351508283205317,1.33186135121824,2.57193112917789
1.75436220388623,-1.58335994983061,-0.307743683559527,0.353931480720608,-2.18446491255815
2.30127752884439,-1.57401683371451,-0.196023583764211,1.54999873448966,-2.10701516472441
1.72252241541212,-1.57559209274573,-0.159646509126686,-1.52478725487289,-1.01442375217029
1.29189035385696,-1.63702992493332,0.0398885377741494,-1.57863223578659,2.18752057837316
0.890602940397566,-1.65789537917461,1.50811738325658,0.569075958570468,1.8722373925063
3.10438581466551,-1.57811541685187,-1.0621342120831,0.680620224624147,0.768708530187287
2.37973322985106,-1.66710854473131,-0.0121139577203664,-1.52083475805264,1.95252332875387
1.88547539644322,-1.6826467360846,-1.22355572507189,-0.104395074117474,0.878084511677804
1.92692971086352,-1.59903386535107,-0.108706802960878,-0.243777860289718,-2.21625016370663
0.188195645666729,-1.72095056290818,-1.12144942447334,-1.39377358003983,-1.87501249241994
2.70854660331112,-1.65805294995871,0.797993692625757,1.33438872454511,1.69815278460328
1.91644627925416,-1.64282141794536,-0.15261338094071,-1.47716522507544,2.01251370840286
1.59221082318038,-1.5754951616785,0.305340355131919,-1.338604997795,2.0498187067253
0.621967120384908,-1.5786612434922,-0.259535519999045,0.187517865978489,-3.04440690768886
2.04199982872462,-1.63075402135897,1.20863098852328,-0.0841971565798637,2.93513644467124
1.86469457603991,-1.57431457916778,-0.463995605845395,1.03031274612075,0.86078962307725
1.54634152549807,-1.64125506582815,-1.01301253639871,0.779700852781261,-2.44102165375407
1.26886602499255,-1.72062656921078,-0.974371827529709,0.521671112567676,-0.157882734278523
2.51131334220702,-1.66770845333663,0.0374265230622576,-0.352396960983274,2.33488615491083
1.08784309906153,-1.57236772779813,0.143838381019299,1.63580979192989,1.26573214884121
1.12113412293731,-1.57466662369548,1.40889170535314,1.48023369869433,-1.52637015579482
1.67304675339878,-1.69749818364713,0.463704237529303,-1.3791787662526,2.5792091508641
1.56830978816673,-1.57189542672747,0.753494571687619,2.35122444161439,1.56127195742009
2.4240094632345,-1.57582718864721,1.12103819278227,-0.865579490927399,0.363202279778336
1.78011570980618,-1.6400042890931,0.630912071140665,-1.04246168055712,-3.11006322719814
0.972607467002793,-1.60068253732898,1.27159631464067,-0.222806140894846,0.855204859915734
0.0188389270093186,-1.57048635409921,-0.559559351127697,2.09685392489634,3.11469025034004
2.5330715402994,-1.65086607774047,-0.689865462228665,-0.0230981178101901,-1.10798346344901
1.72689742938658,-1.66399667432523,-0.626219653244134,0.297063468141264,-1.12194318031174
0.851976459265325,-1.69083901529622,-0.560692904753081,-1.3675065959777,-1.89028891868794
0.791642397151396,-1.64673257693952,0.152985886178727,1.45204480405094,-2.72888220703772
2.83431693221659,-1.62835506116426,1.19598400894998,2.31235629204778,1.85879263872565
1.88473673981806,-1.59152410857294,-0.197065441227647,0.672558999342328,2.06161308930656
0.848175919127566,-1.57734903825382,-0.757728117402436,1.00551306219569,2.7815002024057
2.08061613769053,-1.57202828604119,-1.29651803379585,-0.534880418303342,-0.0655398018412298
2.20545942180143,-1.59905235250727,0.833503299798346,-0.809602316695968,0.640357240062867
1.19916677197213,-1.71680162469473,0.50107139284157,0.642516030235453,-1.32030251425388
1.22038206717127,-1.66387315377951,1.01977727327367,1.80647513283284,-2.44371308118814
2.70040168204551,-1.63734903319158,0.277244601619563,0.371047626874998,-0.350179073169728
1.14288341929708,-1.62276278042111,0.835497210733862,-0.468397659306833,-1.68171903007093
2.9413685700851,-1.65473752742614,-1.11112819893767,-1.47250115187438,1.65660912455358
1.68207668421087,-1.58583707976216,-0.851527705186332,0.222299336431021,-0.478403816971049
2.28480053508126,-1.57616981000516,0.0120489373149349,-1.18383986266413,1.0468532606922
2.25974405829293,-1.59634713280245,-0.732085854187269,0.400657203441391,2.99597636380284
2.50358845365654,-1.57154586977741,0.663363523211919,-0.548509974374497,-0.454847093700469
1.98959632392631,-1.57129679442521,0.390799494375236,-0.928874660951993,-1.31407933583285
0.78822919671248,-1.65041700819689,0.510832646807682,1.86782130620956,0.00858856475872438
2.00767074398832,-1.70615287043093,0.29343651489338,0.588602055906127,-0.881008940940651
2.26916538457379,-1.57080692354952,1.27089940653387,1.65549943497734,0.949132937152644
2.27853467805908,-1.65602996080749,0.46627732685779,-0.148110661188769,1.67314259651231
0.614919512577229,-1.71178054300738,-0.509191157849404,0.917555511595378,1.51640615049186
2.84152753728717,-1.5942919721294,-0.182844947224712,-0.189795650127075,-0.345538600565549
1.74896535140649,-1.57322413334616,-0.810184736323959,0.105722089660691,-0.351645339930462
2.37621055461112,-1.57570236900846,1.04638493468134,1.92515396236862,0.268791055413493
1.19233000755662,-1.63437412629306,-1.10027239531818,0.94943326365414,-2.36157673514123
1.30214648803185,-1.6160365227174,-0.94168090769718,0.687952680405159,3.13180316768055
1.28149138115445,-1.58450652339447,-0.405905191920409,1.02222651423867,0.963276230665053
2.87253865915334,-1.59955538359074,1.09407670323774,-0.867692304150364,1.18253094799476
2.07038512974306,-1.58864553584029,-0.212620091037209,-0.425493734466768,-2.00085201199471
2.18801122513443,-1.62838517152493,0.412894264048319,1.0462237184352,-2.42803055121769
2.511716455385,-1.65418084660336,0.656780450604158,0.185905247954492,2.32909952448746
2.5025962563749,-1.59174520388848,0.323750125208147,0.849319317394718,-2.56173736962419
1.69454765731935,-1.63520340449865,0.0350401116287172,-0.119594323929591,-2.11203196791755
2.28630576418142,-1.67584496614598,-0.926247273284448,-1.54711412967592,0.304791443925352
2.27796828386053,-1.6629515288459,-0.713159438692951,0.786712705314171,-0.188722530325458
1.37781678591599,-1.65422490232688,0.901396963893656,0.374674157149351,1.82206004466075
2.9368647035661,-1.57962294296373,-0.407514844464303,-1.33585213901737,1.662478444717
1.84779596023997,-1.57199071556877,0.440995214484791,-0.686382142596505,-0.406897272307467
1.73976605350442,-1.58638304090929,-0.21730286160989,0.80329017282159,1.55126291900306
1.63529786575282,-1.69959055588756,0.796766917883492,-0.691512002563367,-1.65475781464295
1.11765856188572,-1.62177054680479,-0.423634494477924,1.15232758391461,-1.28771548387866
2.58732857016767,-1.57420243039402,-1.10646417898477,-0.115220422750506,1.62703006330832
2.37117413111386,-1.61080919695126,0.157235629950787,0.715066403783605,-0.535437831194574
1.32636518938086,-1.5791128863238,0.301446767764205,-1.05133270091839,-1.50420636802224
1.27569125944112,-1.61778855617136,-0.944062423930492,0.465594671086755,2.69195462624871
1.56940148339147,-1.61656238632253,-0.519445710858233,1.9621340866596,-1.47918937374163
0.697844195941452,-1.62456713616216,0.364861967367796,-0.0158599073010146,1.42997299292295
0.455985795837472,-1.65371453902979,-0.291854887677462,1.68913505520426,-2.38718923346637
2.1286125669491,-1.57117581657593,0.897685649142164,0.760189005084491,2.08083602671982
0.858509044619429,-1.57013860919189,1.00971383933202,2.3250033117247,1.28504514313484
0.98400173224357,-1.69093407479303,0.467326636069327,0.569662379978628,2.19262517667048
1.90582632655703,-1.67190564820784,0.0664030696500253,-0.983642618947567,-1.19043621582191
1.78984638256379,-1.61979623170824,1.21203519411558,0.0866608749166303,-0.362935283464145
1.5670243246209,-1.71853583726201,-0.0442363634144614,0.402159661496549,1.48512200125338
1.09121078956741,-1.57021348822292,-0.684355697651549,1.21218981618811,0.0076435055325591
2.01621757949066,-1.57417220436591,-0.346408719959347,0.0162385745552883,-0.728068925814822
1.77083519970319,-1.66893161385396,-1.08333282266628,-1.70544205249992,-0.387895927117413
0.559607704912533,-1.57829393550991,-1.15891560647337,-1.43811456469621,0.326785623856663
2.1972302598469,-1.68187360954491,0.842531340029251,0.156895212800855,0.520813055577764
1.76855868596954,-1.59520998707854,-0.520310251695071,1.53894405101905,-0.452307402385435
